case_id,source_lang,target_lang,domain,length_bucket,source,reference,required_terms,provenance,hypothesis,latency_ms,token_f1,chrf,term_hits,term_total
V2_VI_EN_001,vi,en,operations,medium,Đơn hàng 2 sẽ được giao đến Đà Nẵng vào thứ Tư.,Order 2 will be delivered to Đà Nẵng on thứ Tư.,2 | Đà Nẵng | thứ Tư,deterministic_template_v2,Order two will be delivered to Danang on Wednesday.,1346.09,0.6,58.028,0,3
V2_VI_EN_002,vi,en,business,medium,Cuộc họp kỹ thuật bắt đầu lúc 15:00 tại phòng D410.,The technical meeting starts at 15:00 in room D410.,15:00 | D410,deterministic_template_v2,The technical meeting starts at 3:00 in room D410.,475.022,0.9,91.529,1,2
V2_VI_EN_003,vi,en,technology,medium,Vui lòng sao lưu máy chủ trước khi cập nhật hệ thống.,Please back up server before updating the system.,system,deterministic_template_v2,Please back up the server before updating the system.,698.435,0.9412,92.323,1,1
V2_VI_EN_004,vi,en,security,medium,Tài khoản Minh bị khóa sau 8 lần đăng nhập sai.,The account for Minh was locked after 8 failed login attempts.,Minh | 8,deterministic_template_v2,Minh's account was locked after eight false logins.,734.772,0.5,54.736,1,2
V2_VI_EN_005,vi,en,travel,medium,Chuyến bay đến Hải Phòng khởi hành lúc 09:15 vào thứ Ba.,The flight to Hải Phòng departs at 09:15 on thứ Ba.,Hải Phòng | 09:15,deterministic_template_v2,The flight to the Navy Yard leaves at 9:15 on Tuesday.,728.415,0.5,45.484,0,2
V2_VI_EN_006,vi,en,healthcare,short,Bệnh nhân cần uống 17 viên thuốc sau bữa ăn.,The patient needs to take 17 tablets after the meal.,17,deterministic_template_v2,Patient needs to take 17 pills after meals.,682.31,0.6667,68.152,1,1
V2_VI_EN_007,vi,en,education,short,Sinh viên phải nộp bài trước 13:45 ngày thứ Sáu.,Students must submit the assignment before 13:45 on thứ Sáu.,13:45 | thứ Sáu,deterministic_template_v2,Students must submit their paper by 1:45 p.m. on Friday.,769.893,0.4348,48.563,0,2
V2_VI_EN_008,vi,en,finance,medium,Hóa đơn 25 có tổng giá trị là 350.75 đô la.,Invoice 25 has a total value of 350.75 dollars.,25 | 350.75,deterministic_template_v2,Bill 25 has a total value of $350.75.,462.858,0.8421,67.565,2,2
V2_VI_EN_009,vi,en,support,medium,"Nếu mất kết nối, ứng dụng sẽ thử lại sau 30 giây.","If the connection is lost, the application will retry after 30 seconds.",30,deterministic_template_v2,"If the connection is lost, the app will try again in 30 seconds.",778.279,0.72,73.319,1,1
V2_VI_EN_010,vi,en,translation,short,Bản dịch phải giữ nguyên tên An và mã WS-410.,The translation must preserve the name An and code WS-410.,An | WS-410,deterministic_template_v2,The translation must retain the name An and the code WS-410.,378.81,0.8696,77.927,2,2
V2_VI_EN_011,vi,en,operations,medium,Đơn hàng 56 sẽ được giao đến Đà Nẵng vào thứ Năm.,Order 56 will be delivered to Đà Nẵng on thứ Năm.,56 | Đà Nẵng | thứ Năm,deterministic_template_v2,Order 56 will be delivered to Danang on Thursday.,513.973,0.7,71.474,1,3
V2_VI_EN_012,vi,en,business,medium,Cuộc họp kỹ thuật bắt đầu lúc 10:30 tại phòng D410.,The technical meeting starts at 10:30 in room D410.,10:30 | D410,deterministic_template_v2,The technical meeting starts at 10:30 in room D410.,407.201,1.0,100.0,2,2
V2_VI_EN_013,vi,en,technology,medium,Vui lòng sao lưu máy chủ trước khi cập nhật hệ thống.,Please back up server before updating the system.,system,deterministic_template_v2,Please back up the server before updating the system.,600.26,0.9412,92.323,1,1
V2_VI_EN_014,vi,en,security,medium,Tài khoản Minh bị khóa sau 2 lần đăng nhập sai.,The account for Minh was locked after 2 failed login attempts.,Minh | 2,deterministic_template_v2,Minh's account was locked after two false logins.,688.425,0.5,54.848,1,2
V2_VI_EN_015,vi,en,travel,medium,Chuyến bay đến Hải Phòng khởi hành lúc 17:20 vào thứ Tư.,The flight to Hải Phòng departs at 17:20 on thứ Tư.,Hải Phòng | 17:20,deterministic_template_v2,The flight to the Navy Yard leaves at 5:20 on Wednesday.,712.54,0.5,40.681,0,2
V2_VI_EN_016,vi,en,healthcare,short,Bệnh nhân cần uống 5 viên thuốc sau bữa ăn.,The patient needs to take 5 tablets after the meal.,5,deterministic_template_v2,Patient needs to take five pills after meals.,705.225,0.5556,62.214,0,1
V2_VI_EN_017,vi,en,education,medium,Sinh viên phải nộp bài trước 09:15 ngày ngày 15 tháng 9.,Students must submit the assignment before 09:15 on ngày 15 tháng 9.,09:15 | ngày 15 tháng 9,deterministic_template_v2,Students must submit their paper by 9:15 on September 15.,611.836,0.5833,51.576,0,2
V2_VI_EN_018,vi,en,finance,medium,Hóa đơn 12 có tổng giá trị là 350.75 đô la.,Invoice 12 has a total value of 350.75 dollars.,12 | 350.75,deterministic_template_v2,Bill 12 has a total value of $350.75.,320.065,0.8421,67.565,2,2
V2_VI_EN_019,vi,en,support,medium,"Nếu mất kết nối, ứng dụng sẽ thử lại sau 17 giây.","If the connection is lost, the application will retry after 17 seconds.",17,deterministic_template_v2,"If the connection is lost, the app will try again in 17 seconds.",471.893,0.72,73.319,1,1
V2_VI_EN_020,vi,en,translation,short,Bản dịch phải giữ nguyên tên An và mã WS-410.,The translation must preserve the name An and code WS-410.,An | WS-410,deterministic_template_v2,The translation must retain the name An and the code WS-410.,582.837,0.8696,77.927,2,2
V2_VI_EN_021,vi,en,operations,medium,Đơn hàng 25 sẽ được giao đến Đà Nẵng vào thứ Sáu.,Order 25 will be delivered to Đà Nẵng on thứ Sáu.,25 | Đà Nẵng | thứ Sáu,deterministic_template_v2,Order 25 will be delivered to Danang on Friday.,603.829,0.7,68.64,1,3
V2_VI_EN_022,vi,en,business,medium,Cuộc họp kỹ thuật bắt đầu lúc 08:00 tại phòng D410.,The technical meeting starts at 08:00 in room D410.,08:00 | D410,deterministic_template_v2,The technical meeting starts at 0800 hours in room D410.,689.889,0.8,85.765,1,2
V2_VI_EN_023,vi,en,technology,medium,Vui lòng sao lưu máy chủ trước khi cập nhật hệ thống.,Please back up server before updating the system.,system,deterministic_template_v2,Please back up the server before updating the system.,299.505,0.9412,92.323,1,1
V2_VI_EN_024,vi,en,security,medium,Tài khoản Minh bị khóa sau 56 lần đăng nhập sai.,The account for Minh was locked after 56 failed login attempts.,Minh | 56,deterministic_template_v2,Minh's account was locked after 56 false logins.,563.437,0.6,61.867,2,2
V2_VI_EN_025,vi,en,travel,medium,Chuyến bay đến Hải Phòng khởi hành lúc 13:45 vào thứ Năm.,The flight to Hải Phòng departs at 13:45 on thứ Năm.,Hải Phòng | 13:45,deterministic_template_v2,The flight to Haiphong leaves at 1:45 p.m. on Thursday.,579.316,0.5,47.078,0,2
V2_VI_EN_026,vi,en,healthcare,short,Bệnh nhân cần uống 75 viên thuốc sau bữa ăn.,The patient needs to take 75 tablets after the meal.,75,deterministic_template_v2,Patient needs 75 pills after meals.,531.318,0.5,51.438,1,1
V2_VI_EN_027,vi,en,education,medium,Sinh viên phải nộp bài trước 17:20 ngày ngày 24 tháng 9.,Students must submit the assignment before 17:20 on ngày 24 tháng 9.,17:20 | ngày 24 tháng 9,deterministic_template_v2,Students must submit their paper by 5:20 p.m. on September 24.,458.291,0.4615,45.743,0,2
V2_VI_EN_028,vi,en,finance,medium,Hóa đơn 3 có tổng giá trị là 350.75 đô la.,Invoice 3 has a total value of 350.75 dollars.,3 | 350.75,deterministic_template_v2,Bill 3 has a total value of $350.75.,690.004,0.8421,66.711,2,2
V2_VI_EN_029,vi,en,support,medium,"Nếu mất kết nối, ứng dụng sẽ thử lại sau 5 giây.","If the connection is lost, the application will retry after 5 seconds.",5,deterministic_template_v2,"If the connection is lost, the app will try again in five seconds.",865.938,0.64,68.913,0,1
V2_VI_EN_030,vi,en,translation,short,Bản dịch phải giữ nguyên tên An và mã WS-410.,The translation must preserve the name An and code WS-410.,An | WS-410,deterministic_template_v2,The translation must retain the name An and the code WS-410.,398.638,0.8696,77.927,2,2
V2_VI_EN_031,vi,en,operations,medium,Đơn hàng 12 sẽ được giao đến Đà Nẵng vào ngày 15 tháng 9.,Order 12 will be delivered to Đà Nẵng on ngày 15 tháng 9.,12 | Đà Nẵng | ngày 15 tháng 9,deterministic_template_v2,The 12th order will be delivered to Da Nang on September 15th.,394.842,0.48,52.218,1,3
V2_VI_EN_032,vi,en,business,medium,Cuộc họp kỹ thuật bắt đầu lúc 15:00 tại phòng D410.,The technical meeting starts at 15:00 in room D410.,15:00 | D410,deterministic_template_v2,The technical meeting starts at 3:00 in room D410.,332.439,0.9,91.529,1,2
V2_VI_EN_033,vi,en,technology,medium,Vui lòng sao lưu máy chủ trước khi cập nhật hệ thống.,Please back up server before updating the system.,system,deterministic_template_v2,Please back up the server before updating the system.,564.51,0.9412,92.323,1,1
V2_VI_EN_034,vi,en,security,medium,Tài khoản Minh bị khóa sau 25 lần đăng nhập sai.,The account for Minh was locked after 25 failed login attempts.,Minh | 25,deterministic_template_v2,Minh's account was locked after 25 false logins.,643.366,0.6,61.867,2,2
V2_VI_EN_035,vi,en,travel,medium,Chuyến bay đến Hải Phòng khởi hành lúc 09:15 vào thứ Sáu.,The flight to Hải Phòng departs at 09:15 on thứ Sáu.,Hải Phòng | 09:15,deterministic_template_v2,The flight to the Navy Yard leaves at 9:15 on Friday.,400.504,0.5,43.805,0,2
V2_VI_EN_036,vi,en,healthcare,short,Bệnh nhân cần uống 42 viên thuốc sau bữa ăn.,The patient needs to take 42 tablets after the meal.,42,deterministic_template_v2,Patient needs 42 pills after meals.,739.171,0.5,51.438,1,1
V2_VI_EN_037,vi,en,education,short,Sinh viên phải nộp bài trước 13:45 ngày thứ Hai.,Students must submit the assignment before 13:45 on thứ Hai.,13:45 | thứ Hai,deterministic_template_v2,Students must submit their paper by 1:45 p.m. on Monday.,812.648,0.4348,49.138,0,2
V2_VI_EN_038,vi,en,finance,medium,Hóa đơn 64 có tổng giá trị là 350.75 đô la.,Invoice 64 has a total value of 350.75 dollars.,64 | 350.75,deterministic_template_v2,Bill 64 has a total value of $350.75.,525.717,0.8421,67.565,2,2
V2_VI_EN_039,vi,en,support,medium,"Nếu mất kết nối, ứng dụng sẽ thử lại sau 75 giây.","If the connection is lost, the application will retry after 75 seconds.",75,deterministic_template_v2,"If the connection is lost, the app will try again in 75 seconds.",712.471,0.72,73.319,1,1
V2_VI_EN_040,vi,en,translation,short,Bản dịch phải giữ nguyên tên An và mã WS-410.,The translation must preserve the name An and code WS-410.,An | WS-410,deterministic_template_v2,The translation must retain the name An and the code WS-410.,428.998,0.8696,77.927,2,2
V2_VI_EN_041,vi,en,operations,medium,Đơn hàng 3 sẽ được giao đến Đà Nẵng vào ngày 24 tháng 9.,Order 3 will be delivered to Đà Nẵng on ngày 24 tháng 9.,3 | Đà Nẵng | ngày 24 tháng 9,deterministic_template_v2,Order three will be delivered to Da Nang on September 24th.,447.176,0.5,52.333,0,3
V2_VI_EN_042,vi,en,business,medium,Cuộc họp kỹ thuật bắt đầu lúc 10:30 tại phòng D410.,The technical meeting starts at 10:30 in room D410.,10:30 | D410,deterministic_template_v2,The technical meeting starts at 10:30 in room D410.,398.535,1.0,100.0,2,2
V2_VI_EN_043,vi,en,technology,medium,Vui lòng sao lưu máy chủ trước khi cập nhật hệ thống.,Please back up server before updating the system.,system,deterministic_template_v2,Please back up the server before updating the system.,293.919,0.9412,92.323,1,1
V2_VI_EN_044,vi,en,security,medium,Tài khoản Minh bị khóa sau 12 lần đăng nhập sai.,The account for Minh was locked after 12 failed login attempts.,Minh | 12,deterministic_template_v2,Minh's account was locked after 12 false logins.,325.611,0.6,61.867,2,2
V2_VI_EN_045,vi,en,travel,medium,Chuyến bay đến Hải Phòng khởi hành lúc 17:20 vào ngày 15 tháng 9.,The flight to Hải Phòng departs at 17:20 on ngày 15 tháng 9.,Hải Phòng | 17:20,deterministic_template_v2,The flight to Haiphong leaves at 17:20 on September 15.,328.95,0.64,50.204,1,2
V2_VI_EN_046,vi,en,healthcare,short,Bệnh nhân cần uống 21 viên thuốc sau bữa ăn.,The patient needs to take 21 tablets after the meal.,21,deterministic_template_v2,Patient needs 21 pills after meals.,275.691,0.5,51.438,1,1
V2_VI_EN_047,vi,en,education,short,Sinh viên phải nộp bài trước 09:15 ngày thứ Ba.,Students must submit the assignment before 09:15 on thứ Ba.,09:15 | thứ Ba,deterministic_template_v2,Students must submit their work by 9:15 on Tuesday.,309.476,0.4762,57.128,0,2
V2_VI_EN_048,vi,en,finance,medium,Hóa đơn 30 có tổng giá trị là 350.75 đô la.,Invoice 30 has a total value of 350.75 dollars.,30 | 350.75,deterministic_template_v2,Bill 30 has a total value of $350.75.,353.05,0.8421,67.565,2,2
V2_VI_EN_049,vi,en,support,medium,"Nếu mất kết nối, ứng dụng sẽ thử lại sau 42 giây.","If the connection is lost, the application will retry after 42 seconds.",42,deterministic_template_v2,"If the connection is lost, the app will try again in 42 seconds.",411.128,0.72,73.319,1,1
V2_VI_EN_050,vi,en,translation,short,Bản dịch phải giữ nguyên tên An và mã WS-410.,The translation must preserve the name An and code WS-410.,An | WS-410,deterministic_template_v2,The translation must retain the name An and the code WS-410.,389.127,0.8696,77.927,2,2
V2_VI_EN_051,vi,en,operations,medium,Đơn hàng 64 sẽ được giao đến Đà Nẵng vào thứ Hai.,Order 64 will be delivered to Đà Nẵng on thứ Hai.,64 | Đà Nẵng | thứ Hai,deterministic_template_v2,Order 64 will be delivered to Danang on Monday.,559.126,0.7,68.987,1,3
V2_VI_EN_052,vi,en,business,medium,Cuộc họp kỹ thuật bắt đầu lúc 08:00 tại phòng D410.,The technical meeting starts at 08:00 in room D410.,08:00 | D410,deterministic_template_v2,The technical meeting starts at 0800 hours in room D410.,403.93,0.8,85.765,1,2
V2_VI_EN_053,vi,en,technology,medium,Vui lòng sao lưu máy chủ trước khi cập nhật hệ thống.,Please back up server before updating the system.,system,deterministic_template_v2,Please back up the server before updating the system.,562.274,0.9412,92.323,1,1
V2_VI_EN_054,vi,en,security,medium,Tài khoản Minh bị khóa sau 3 lần đăng nhập sai.,The account for Minh was locked after 3 failed login attempts.,Minh | 3,deterministic_template_v2,Minh's account was locked after three false logins.,370.104,0.5,55.025,1,2
V2_VI_EN_055,vi,en,travel,medium,Chuyến bay đến Hải Phòng khởi hành lúc 13:45 vào ngày 24 tháng 9.,The flight to Hải Phòng departs at 13:45 on ngày 24 tháng 9.,Hải Phòng | 13:45,deterministic_template_v2,The flight to Haiphong leaves at 13:45 on September 24.,492.534,0.64,50.204,1,2
V2_VI_EN_056,vi,en,healthcare,short,Bệnh nhân cần uống 8 viên thuốc sau bữa ăn.,The patient needs to take 8 tablets after the meal.,8,deterministic_template_v2,Patient needs to take eight pills after meals.,581.21,0.5556,61.52,0,1
V2_VI_EN_057,vi,en,education,short,Sinh viên phải nộp bài trước 17:20 ngày thứ Tư.,Students must submit the assignment before 17:20 on thứ Tư.,17:20 | thứ Tư,deterministic_template_v2,Students must submit their paper by 5:20 p.m. on Wednesday.,379.444,0.4348,47.987,0,2
V2_VI_EN_058,vi,en,finance,medium,Hóa đơn 17 có tổng giá trị là 350.75 đô la.,Invoice 17 has a total value of 350.75 dollars.,17 | 350.75,deterministic_template_v2,Bill 17 has a total value of $350.75.,583.681,0.8421,67.565,2,2
V2_VI_EN_059,vi,en,support,medium,"Nếu mất kết nối, ứng dụng sẽ thử lại sau 21 giây.","If the connection is lost, the application will retry after 21 seconds.",21,deterministic_template_v2,"If the connection is lost, the app will try again in 21 seconds.",935.768,0.72,73.319,1,1
V2_VI_EN_060,vi,en,translation,short,Bản dịch phải giữ nguyên tên An và mã WS-410.,The translation must preserve the name An and code WS-410.,An | WS-410,deterministic_template_v2,The translation must retain the name An and the code WS-410.,884.715,0.8696,77.927,2,2
V2_VI_EN_061,vi,en,operations,medium,Đơn hàng 30 sẽ được giao đến Đà Nẵng vào thứ Ba.,Order 30 will be delivered to Đà Nẵng on thứ Ba.,30 | Đà Nẵng | thứ Ba,deterministic_template_v2,The 30 orders will be delivered to Danang on Tuesday.,586.706,0.5714,59.923,1,3
V2_VI_EN_062,vi,en,business,medium,Cuộc họp kỹ thuật bắt đầu lúc 15:00 tại phòng D410.,The technical meeting starts at 15:00 in room D410.,15:00 | D410,deterministic_template_v2,The technical meeting starts at 3:00 in room D410.,412.717,0.9,91.529,1,2
V2_VI_EN_063,vi,en,technology,medium,Vui lòng sao lưu máy chủ trước khi cập nhật hệ thống.,Please back up server before updating the system.,system,deterministic_template_v2,Please back up the server before updating the system.,284.018,0.9412,92.323,1,1
V2_VI_EN_064,vi,en,security,medium,Tài khoản Minh bị khóa sau 64 lần đăng nhập sai.,The account for Minh was locked after 64 failed login attempts.,Minh | 64,deterministic_template_v2,Minh's account was locked after 64 false logins.,328.755,0.6,61.867,2,2
V2_VI_EN_065,vi,en,travel,medium,Chuyến bay đến Hải Phòng khởi hành lúc 09:15 vào thứ Hai.,The flight to Hải Phòng departs at 09:15 on thứ Hai.,Hải Phòng | 09:15,deterministic_template_v2,The flight to the Navy Yard leaves at 9:15 on Monday.,389.898,0.5,43.805,0,2
V2_VI_EN_066,vi,en,healthcare,short,Bệnh nhân cần uống 2 viên thuốc sau bữa ăn.,The patient needs to take 2 tablets after the meal.,2,deterministic_template_v2,Patient needs two pills after meals.,424.324,0.375,51.499,0,1
V2_VI_EN_067,vi,en,education,short,Sinh viên phải nộp bài trước 13:45 ngày thứ Năm.,Students must submit the assignment before 13:45 on thứ Năm.,13:45 | thứ Năm,deterministic_template_v2,Students must submit their paper by 1:45 p.m. on Thursday.,428.485,0.4348,51.232,0,2
V2_VI_EN_068,vi,en,finance,medium,Hóa đơn 5 có tổng giá trị là 350.75 đô la.,Invoice 5 has a total value of 350.75 dollars.,5 | 350.75,deterministic_template_v2,Bill five has a total value of $350.75.,393.21,0.7368,61.18,2,2
V2_VI_EN_069,vi,en,support,medium,"Nếu mất kết nối, ứng dụng sẽ thử lại sau 8 giây.","If the connection is lost, the application will retry after 8 seconds.",8,deterministic_template_v2,"If the connection is lost, the app will try again in eight seconds.",703.926,0.64,68.393,0,1
V2_VI_EN_070,vi,en,translation,short,Bản dịch phải giữ nguyên tên An và mã WS-410.,The translation must preserve the name An and code WS-410.,An | WS-410,deterministic_template_v2,The translation must retain the name An and the code WS-410.,650.558,0.8696,77.927,2,2
V2_VI_EN_071,vi,en,operations,medium,Đơn hàng 17 sẽ được giao đến Đà Nẵng vào thứ Tư.,Order 17 will be delivered to Đà Nẵng on thứ Tư.,17 | Đà Nẵng | thứ Tư,deterministic_template_v2,Order 17 will be delivered to Danang on Wednesday.,622.263,0.7,67.167,1,3
V2_VI_EN_072,vi,en,business,medium,Cuộc họp kỹ thuật bắt đầu lúc 10:30 tại phòng D410.,The technical meeting starts at 10:30 in room D410.,10:30 | D410,deterministic_template_v2,The technical meeting starts at 10:30 in room D410.,621.944,1.0,100.0,2,2
V2_VI_EN_073,vi,en,technology,medium,Vui lòng sao lưu máy chủ trước khi cập nhật hệ thống.,Please back up server before updating the system.,system,deterministic_template_v2,Please back up the server before updating the system.,634.282,0.9412,92.323,1,1
V2_VI_EN_074,vi,en,security,medium,Tài khoản Minh bị khóa sau 30 lần đăng nhập sai.,The account for Minh was locked after 30 failed login attempts.,Minh | 30,deterministic_template_v2,Minh's account was locked after 30 false logins.,593.672,0.6,61.867,2,2
V2_VI_EN_075,vi,en,travel,medium,Chuyến bay đến Hải Phòng khởi hành lúc 17:20 vào thứ Ba.,The flight to Hải Phòng departs at 17:20 on thứ Ba.,Hải Phòng | 17:20,deterministic_template_v2,The flight to the Navy Yard leaves at 5:20 on Tuesday.,349.632,0.5,43.482,0,2
V2_VI_EN_076,vi,en,healthcare,short,Bệnh nhân cần uống 56 viên thuốc sau bữa ăn.,The patient needs to take 56 tablets after the meal.,56,deterministic_template_v2,Patient needs to take 56 pills after meals.,310.001,0.6667,68.152,1,1
V2_VI_EN_077,vi,en,education,short,Sinh viên phải nộp bài trước 09:15 ngày thứ Sáu.,Students must submit the assignment before 09:15 on thứ Sáu.,09:15 | thứ Sáu,deterministic_template_v2,Students must submit their paper by 9:15 on Friday.,297.942,0.4762,54.097,0,2
V2_VI_EN_078,vi,en,finance,medium,Hóa đơn 75 có tổng giá trị là 350.75 đô la.,Invoice 75 has a total value of 350.75 dollars.,75 | 350.75,deterministic_template_v2,The 75 bill has a total value of $350.75.,328.439,0.8,62.943,2,2
V2_VI_EN_079,vi,en,support,medium,"Nếu mất kết nối, ứng dụng sẽ thử lại sau 2 giây.","If the connection is lost, the application will retry after 2 seconds.",2,deterministic_template_v2,"If the connection is lost, the app will try again in two seconds.",368.812,0.64,69.442,0,1
V2_VI_EN_080,vi,en,translation,short,Bản dịch phải giữ nguyên tên An và mã WS-410.,The translation must preserve the name An and code WS-410.,An | WS-410,deterministic_template_v2,The translation must retain the name An and the code WS-410.,618.091,0.8696,77.927,2,2
V2_VI_EN_081,vi,en,operations,medium,Đơn hàng 5 sẽ được giao đến Đà Nẵng vào thứ Năm.,Order 5 will be delivered to Đà Nẵng on thứ Năm.,5 | Đà Nẵng | thứ Năm,deterministic_template_v2,Order five will be delivered to Danang on Thursday.,531.438,0.6,60.995,0,3
V2_VI_EN_082,vi,en,business,medium,Cuộc họp kỹ thuật bắt đầu lúc 08:00 tại phòng D410.,The technical meeting starts at 08:00 in room D410.,08:00 | D410,deterministic_template_v2,The technical meeting starts at 0800 hours in room D410.,339.196,0.8,85.765,1,2
V2_VI_EN_083,vi,en,technology,medium,Vui lòng sao lưu máy chủ trước khi cập nhật hệ thống.,Please back up server before updating the system.,system,deterministic_template_v2,Please back up the server before updating the system.,297.698,0.9412,92.323,1,1
V2_VI_EN_084,vi,en,security,medium,Tài khoản Minh bị khóa sau 17 lần đăng nhập sai.,The account for Minh was locked after 17 failed login attempts.,Minh | 17,deterministic_template_v2,Minh's account was locked after 17 false logins.,763.173,0.6,61.867,2,2
V2_VI_EN_085,vi,en,travel,medium,Chuyến bay đến Hải Phòng khởi hành lúc 13:45 vào thứ Tư.,The flight to Hải Phòng departs at 13:45 on thứ Tư.,Hải Phòng | 13:45,deterministic_template_v2,The flight to the Navy Yard leaves at 1:45 p.m. on Wednesday.,884.055,0.4615,38.719,0,2
V2_VI_EN_086,vi,en,healthcare,short,Bệnh nhân cần uống 25 viên thuốc sau bữa ăn.,The patient needs to take 25 tablets after the meal.,25,deterministic_template_v2,Patient needs 25 pills after meals.,598.229,0.5,51.438,1,1
V2_VI_EN_087,vi,en,education,medium,Sinh viên phải nộp bài trước 17:20 ngày ngày 15 tháng 9.,Students must submit the assignment before 17:20 on ngày 15 tháng 9.,17:20 | ngày 15 tháng 9,deterministic_template_v2,Students must submit their paper by 5:20 p.m. on September 15.,702.392,0.4615,45.743,0,2
V2_VI_EN_088,vi,en,finance,medium,Hóa đơn 42 có tổng giá trị là 350.75 đô la.,Invoice 42 has a total value of 350.75 dollars.,42 | 350.75,deterministic_template_v2,Bill 42 has a total value of $350.75.,593.847,0.8421,67.565,2,2
V2_VI_EN_089,vi,en,support,medium,"Nếu mất kết nối, ứng dụng sẽ thử lại sau 56 giây.","If the connection is lost, the application will retry after 56 seconds.",56,deterministic_template_v2,"If the connection is lost, the app will try again in 56 seconds.",795.375,0.72,73.319,1,1
V2_VI_EN_090,vi,en,translation,short,Bản dịch phải giữ nguyên tên An và mã WS-410.,The translation must preserve the name An and code WS-410.,An | WS-410,deterministic_template_v2,The translation must retain the name An and the code WS-410.,710.032,0.8696,77.927,2,2
V2_VI_EN_091,vi,en,operations,medium,Đơn hàng 75 sẽ được giao đến Đà Nẵng vào thứ Sáu.,Order 75 will be delivered to Đà Nẵng on thứ Sáu.,75 | Đà Nẵng | thứ Sáu,deterministic_template_v2,The 75 will be delivered to Danang on Friday.,564.655,0.6,61.063,1,3
V2_VI_EN_092,vi,en,business,medium,Cuộc họp kỹ thuật bắt đầu lúc 15:00 tại phòng D410.,The technical meeting starts at 15:00 in room D410.,15:00 | D410,deterministic_template_v2,The technical meeting starts at 3:00 in room D410.,706.384,0.9,91.529,1,2
V2_VI_EN_093,vi,en,technology,medium,Vui lòng sao lưu máy chủ trước khi cập nhật hệ thống.,Please back up server before updating the system.,system,deterministic_template_v2,Please back up the server before updating the system.,412.64,0.9412,92.323,1,1
V2_VI_EN_094,vi,en,security,medium,Tài khoản Minh bị khóa sau 5 lần đăng nhập sai.,The account for Minh was locked after 5 failed login attempts.,Minh | 5,deterministic_template_v2,Minh's account was locked after five false logins.,330.491,0.5,54.94,1,2
V2_VI_EN_095,vi,en,travel,medium,Chuyến bay đến Hải Phòng khởi hành lúc 09:15 vào thứ Năm.,The flight to Hải Phòng departs at 09:15 on thứ Năm.,Hải Phòng | 09:15,deterministic_template_v2,The flight to the Navy Yard leaves at 9:15 on Thursday.,349.592,0.5,45.929,0,2
V2_VI_EN_096,vi,en,healthcare,short,Bệnh nhân cần uống 12 viên thuốc sau bữa ăn.,The patient needs to take 12 tablets after the meal.,12,deterministic_template_v2,Patient needs to take 12 pills after meals.,415.211,0.6667,68.152,1,1
V2_VI_EN_097,vi,en,education,medium,Sinh viên phải nộp bài trước 13:45 ngày ngày 24 tháng 9.,Students must submit the assignment before 13:45 on ngày 24 tháng 9.,13:45 | ngày 24 tháng 9,deterministic_template_v2,Students must submit their paper by 1:45 p.m. on September 24.,362.033,0.4615,46.259,0,2
V2_VI_EN_098,vi,en,finance,medium,Hóa đơn 21 có tổng giá trị là 350.75 đô la.,Invoice 21 has a total value of 350.75 dollars.,21 | 350.75,deterministic_template_v2,Bill 21 has a total value of $350.75.,323.61,0.8421,67.565,2,2
V2_VI_EN_099,vi,en,support,medium,"Nếu mất kết nối, ứng dụng sẽ thử lại sau 25 giây.","If the connection is lost, the application will retry after 25 seconds.",25,deterministic_template_v2,"If the connection is lost, the app will try again in 25 seconds.",493.562,0.72,73.319,1,1
V2_VI_EN_100,vi,en,translation,short,Bản dịch phải giữ nguyên tên An và mã WS-410.,The translation must preserve the name An and code WS-410.,An | WS-410,deterministic_template_v2,The translation must retain the name An and the code WS-410.,461.004,0.8696,77.927,2,2
V2_VI_EN_101,vi,en,operations,medium,Đơn hàng 42 sẽ được giao đến Đà Nẵng vào ngày 15 tháng 9.,Order 42 will be delivered to Đà Nẵng on ngày 15 tháng 9.,42 | Đà Nẵng | ngày 15 tháng 9,deterministic_template_v2,Order 42 will be delivered to Danang on September 15th.,335.637,0.6087,61.1,1,3
V2_VI_EN_102,vi,en,business,medium,Cuộc họp kỹ thuật bắt đầu lúc 10:30 tại phòng D410.,The technical meeting starts at 10:30 in room D410.,10:30 | D410,deterministic_template_v2,The technical meeting starts at 10:30 in room D410.,316.705,1.0,100.0,2,2
V2_VI_EN_103,vi,en,technology,medium,Vui lòng sao lưu máy chủ trước khi cập nhật hệ thống.,Please back up server before updating the system.,system,deterministic_template_v2,Please back up the server before updating the system.,357.378,0.9412,92.323,1,1
V2_VI_EN_104,vi,en,security,medium,Tài khoản Minh bị khóa sau 75 lần đăng nhập sai.,The account for Minh was locked after 75 failed login attempts.,Minh | 75,deterministic_template_v2,Minh's account was locked after 75 false logins.,335.09,0.6,61.867,2,2
V2_VI_EN_105,vi,en,travel,medium,Chuyến bay đến Hải Phòng khởi hành lúc 17:20 vào thứ Sáu.,The flight to Hải Phòng departs at 17:20 on thứ Sáu.,Hải Phòng | 17:20,deterministic_template_v2,The flight to the Navy Yard leaves at 5:20 on Friday.,429.856,0.5,41.803,0,2
V2_VI_EN_106,vi,en,healthcare,short,Bệnh nhân cần uống 3 viên thuốc sau bữa ăn.,The patient needs to take 3 tablets after the meal.,3,deterministic_template_v2,Patient needs to take three pills after meals.,490.52,0.5556,63.633,0,1
V2_VI_EN_107,vi,en,education,short,Sinh viên phải nộp bài trước 09:15 ngày thứ Hai.,Students must submit the assignment before 09:15 on thứ Hai.,09:15 | thứ Hai,deterministic_template_v2,Students must submit their paper by 9:15 on Monday.,534.601,0.4762,54.998,0,2
V2_VI_EN_108,vi,en,finance,medium,Hóa đơn 8 có tổng giá trị là 350.75 đô la.,Invoice 8 has a total value of 350.75 dollars.,8 | 350.75,deterministic_template_v2,Bill 8 has a total value of $350.75.,323.692,0.8421,66.711,2,2
V2_VI_EN_109,vi,en,support,medium,"Nếu mất kết nối, ứng dụng sẽ thử lại sau 12 giây.","If the connection is lost, the application will retry after 12 seconds.",12,deterministic_template_v2,"If the connection is lost, the app will try again in 12 seconds.",435.724,0.72,73.319,1,1
V2_VI_EN_110,vi,en,translation,short,Bản dịch phải giữ nguyên tên An và mã WS-410.,The translation must preserve the name An and code WS-410.,An | WS-410,deterministic_template_v2,The translation must retain the name An and the code WS-410.,541.654,0.8696,77.927,2,2
V2_VI_EN_111,vi,en,operations,medium,Đơn hàng 21 sẽ được giao đến Đà Nẵng vào ngày 24 tháng 9.,Order 21 will be delivered to Đà Nẵng on ngày 24 tháng 9.,21 | Đà Nẵng | ngày 24 tháng 9,deterministic_template_v2,Order 21 will be delivered to Da Nang on September 24th.,369.925,0.5833,61.131,1,3
V2_VI_EN_112,vi,en,business,medium,Cuộc họp kỹ thuật bắt đầu lúc 08:00 tại phòng D410.,The technical meeting starts at 08:00 in room D410.,08:00 | D410,deterministic_template_v2,The technical meeting starts at 0800 hours in room D410.,416.954,0.8,85.765,1,2
V2_VI_EN_113,vi,en,technology,medium,Vui lòng sao lưu máy chủ trước khi cập nhật hệ thống.,Please back up server before updating the system.,system,deterministic_template_v2,Please back up the server before updating the system.,289.659,0.9412,92.323,1,1
V2_VI_EN_114,vi,en,security,medium,Tài khoản Minh bị khóa sau 42 lần đăng nhập sai.,The account for Minh was locked after 42 failed login attempts.,Minh | 42,deterministic_template_v2,Minh's account was locked after 42 false logins.,424.418,0.6,61.867,2,2
V2_VI_EN_115,vi,en,travel,medium,Chuyến bay đến Hải Phòng khởi hành lúc 13:45 vào ngày 15 tháng 9.,The flight to Hải Phòng departs at 13:45 on ngày 15 tháng 9.,Hải Phòng | 13:45,deterministic_template_v2,The flight to Haiphong leaves at 13:45 on September 15.,397.618,0.64,50.204,1,2
V2_VI_EN_116,vi,en,healthcare,short,Bệnh nhân cần uống 64 viên thuốc sau bữa ăn.,The patient needs to take 64 tablets after the meal.,64,deterministic_template_v2,Patient needs to take 64 pills after meals.,375.364,0.6667,68.152,1,1
V2_VI_EN_117,vi,en,education,short,Sinh viên phải nộp bài trước 17:20 ngày thứ Ba.,Students must submit the assignment before 17:20 on thứ Ba.,17:20 | thứ Ba,deterministic_template_v2,Students must submit their work by 5:20 p.m. on Tuesday.,367.344,0.4348,50.504,0,2
V2_VI_EN_118,vi,en,finance,medium,Hóa đơn 2 có tổng giá trị là 350.75 đô la.,Invoice 2 has a total value of 350.75 dollars.,2 | 350.75,deterministic_template_v2,Bill 2 has a total value of $350.75.,324.294,0.8421,66.711,2,2
V2_VI_EN_119,vi,en,support,medium,"Nếu mất kết nối, ứng dụng sẽ thử lại sau 3 giây.","If the connection is lost, the application will retry after 3 seconds.",3,deterministic_template_v2,"If the connection is lost, the app will try again in three seconds.",448.915,0.64,69.127,0,1
V2_VI_EN_120,vi,en,translation,short,Bản dịch phải giữ nguyên tên An và mã WS-410.,The translation must preserve the name An and code WS-410.,An | WS-410,deterministic_template_v2,The translation must retain the name An and the code WS-410.,362.286,0.8696,77.927,2,2
V2_VI_EN_121,vi,en,operations,medium,Đơn hàng 8 sẽ được giao đến Đà Nẵng vào thứ Hai.,Order 8 will be delivered to Đà Nẵng on thứ Hai.,8 | Đà Nẵng | thứ Hai,deterministic_template_v2,Order eight will be delivered to Danang on Monday.,320.45,0.6,58.701,0,3
V2_VI_EN_122,vi,en,business,medium,Cuộc họp kỹ thuật bắt đầu lúc 15:00 tại phòng D410.,The technical meeting starts at 15:00 in room D410.,15:00 | D410,deterministic_template_v2,The technical meeting starts at 3:00 in room D410.,351.262,0.9,91.529,1,2
V2_VI_EN_123,vi,en,technology,medium,Vui lòng sao lưu máy chủ trước khi cập nhật hệ thống.,Please back up server before updating the system.,system,deterministic_template_v2,Please back up the server before updating the system.,288.629,0.9412,92.323,1,1
V2_VI_EN_124,vi,en,security,medium,Tài khoản Minh bị khóa sau 21 lần đăng nhập sai.,The account for Minh was locked after 21 failed login attempts.,Minh | 21,deterministic_template_v2,Minh's account was locked after 21 false logins.,371.404,0.6,61.867,2,2
V2_VI_EN_125,vi,en,travel,medium,Chuyến bay đến Hải Phòng khởi hành lúc 09:15 vào ngày 24 tháng 9.,The flight to Hải Phòng departs at 09:15 on ngày 24 tháng 9.,Hải Phòng | 09:15,deterministic_template_v2,The flight to Haiphong leaves at 09:15 on 24 September.,429.22,0.64,51.105,1,2
V2_VI_EN_126,vi,en,healthcare,short,Bệnh nhân cần uống 30 viên thuốc sau bữa ăn.,The patient needs to take 30 tablets after the meal.,30,deterministic_template_v2,Patient needs 30 pills after meals.,323.95,0.5,51.438,1,1
V2_VI_EN_127,vi,en,education,short,Sinh viên phải nộp bài trước 13:45 ngày thứ Tư.,Students must submit the assignment before 13:45 on thứ Tư.,13:45 | thứ Tư,deterministic_template_v2,Students must submit their paper by 1:45 p.m. on Wednesday.,418.566,0.4348,48.557,0,2
V2_VI_EN_128,vi,en,finance,medium,Hóa đơn 56 có tổng giá trị là 350.75 đô la.,Invoice 56 has a total value of 350.75 dollars.,56 | 350.75,deterministic_template_v2,Bill 56 has a total value of $350.75.,305.558,0.8421,67.565,2,2
V2_VI_EN_129,vi,en,support,medium,"Nếu mất kết nối, ứng dụng sẽ thử lại sau 64 giây.","If the connection is lost, the application will retry after 64 seconds.",64,deterministic_template_v2,"If the connection is lost, the app will try again in 64 seconds.",467.773,0.72,73.319,1,1
V2_VI_EN_130,vi,en,translation,short,Bản dịch phải giữ nguyên tên An và mã WS-410.,The translation must preserve the name An and code WS-410.,An | WS-410,deterministic_template_v2,The translation must retain the name An and the code WS-410.,511.97,0.8696,77.927,2,2
V2_VI_EN_131,vi,en,operations,medium,Đơn hàng 2 sẽ được giao đến Đà Nẵng vào thứ Ba.,Order 2 will be delivered to Đà Nẵng on thứ Ba.,2 | Đà Nẵng | thứ Ba,deterministic_template_v2,Order two will be delivered to Danang on Tuesday.,286.417,0.6,61.143,0,3
V2_VI_EN_132,vi,en,business,medium,Cuộc họp kỹ thuật bắt đầu lúc 10:30 tại phòng D410.,The technical meeting starts at 10:30 in room D410.,10:30 | D410,deterministic_template_v2,The technical meeting starts at 10:30 in room D410.,312.084,1.0,100.0,2,2
V2_VI_EN_133,vi,en,technology,medium,Vui lòng sao lưu máy chủ trước khi cập nhật hệ thống.,Please back up server before updating the system.,system,deterministic_template_v2,Please back up the server before updating the system.,292.685,0.9412,92.323,1,1
V2_VI_EN_134,vi,en,security,medium,Tài khoản Minh bị khóa sau 8 lần đăng nhập sai.,The account for Minh was locked after 8 failed login attempts.,Minh | 8,deterministic_template_v2,Minh's account was locked after eight false logins.,325.311,0.5,54.736,1,2
V2_VI_EN_135,vi,en,travel,medium,Chuyến bay đến Hải Phòng khởi hành lúc 17:20 vào thứ Hai.,The flight to Hải Phòng departs at 17:20 on thứ Hai.,Hải Phòng | 17:20,deterministic_template_v2,The flight to the Navy Yard leaves at 5:20 on Monday.,498.369,0.5,41.803,0,2
V2_VI_EN_136,vi,en,healthcare,short,Bệnh nhân cần uống 17 viên thuốc sau bữa ăn.,The patient needs to take 17 tablets after the meal.,17,deterministic_template_v2,Patient needs to take 17 pills after meals.,305.319,0.6667,68.152,1,1
V2_VI_EN_137,vi,en,education,short,Sinh viên phải nộp bài trước 09:15 ngày thứ Năm.,Students must submit the assignment before 09:15 on thứ Năm.,09:15 | thứ Năm,deterministic_template_v2,Students must submit their paper by 9:15 on Thursday.,330.619,0.4762,56.807,0,2
V2_VI_EN_138,vi,en,finance,medium,Hóa đơn 25 có tổng giá trị là 350.75 đô la.,Invoice 25 has a total value of 350.75 dollars.,25 | 350.75,deterministic_template_v2,Bill 25 has a total value of $350.75.,506.835,0.8421,67.565,2,2
V2_VI_EN_139,vi,en,support,medium,"Nếu mất kết nối, ứng dụng sẽ thử lại sau 30 giây.","If the connection is lost, the application will retry after 30 seconds.",30,deterministic_template_v2,"If the connection is lost, the app will try again in 30 seconds.",781.052,0.72,73.319,1,1
V2_VI_EN_140,vi,en,translation,short,Bản dịch phải giữ nguyên tên An và mã WS-410.,The translation must preserve the name An and code WS-410.,An | WS-410,deterministic_template_v2,The translation must retain the name An and the code WS-410.,466.294,0.8696,77.927,2,2
V2_VI_EN_141,vi,en,operations,medium,Đơn hàng 56 sẽ được giao đến Đà Nẵng vào thứ Tư.,Order 56 will be delivered to Đà Nẵng on thứ Tư.,56 | Đà Nẵng | thứ Tư,deterministic_template_v2,Order 56 will be delivered to Danang on Wednesday.,474.666,0.7,67.167,1,3
V2_VI_EN_142,vi,en,business,medium,Cuộc họp kỹ thuật bắt đầu lúc 08:00 tại phòng D410.,The technical meeting starts at 08:00 in room D410.,08:00 | D410,deterministic_template_v2,The technical meeting starts at 0800 hours in room D410.,330.884,0.8,85.765,1,2
V2_VI_EN_143,vi,en,technology,medium,Vui lòng sao lưu máy chủ trước khi cập nhật hệ thống.,Please back up server before updating the system.,system,deterministic_template_v2,Please back up the server before updating the system.,346.479,0.9412,92.323,1,1
V2_VI_EN_144,vi,en,security,medium,Tài khoản Minh bị khóa sau 2 lần đăng nhập sai.,The account for Minh was locked after 2 failed login attempts.,Minh | 2,deterministic_template_v2,Minh's account was locked after two false logins.,322.019,0.5,54.848,1,2
V2_VI_EN_145,vi,en,travel,medium,Chuyến bay đến Hải Phòng khởi hành lúc 13:45 vào thứ Ba.,The flight to Hải Phòng departs at 13:45 on thứ Ba.,Hải Phòng | 13:45,deterministic_template_v2,The flight to the Navy Yard leaves at 1:45 p.m. on Tuesday.,483.264,0.4615,41.015,0,2
V2_VI_EN_146,vi,en,healthcare,short,Bệnh nhân cần uống 5 viên thuốc sau bữa ăn.,The patient needs to take 5 tablets after the meal.,5,deterministic_template_v2,Patient needs to take five pills after meals.,362.904,0.5556,62.214,0,1
V2_VI_EN_147,vi,en,education,short,Sinh viên phải nộp bài trước 17:20 ngày thứ Sáu.,Students must submit the assignment before 17:20 on thứ Sáu.,17:20 | thứ Sáu,deterministic_template_v2,Students must submit their paper by 5:20 p.m. on Friday.,368.465,0.4348,47.984,0,2
V2_VI_EN_148,vi,en,finance,medium,Hóa đơn 12 có tổng giá trị là 350.75 đô la.,Invoice 12 has a total value of 350.75 dollars.,12 | 350.75,deterministic_template_v2,Bill 12 has a total value of $350.75.,370.617,0.8421,67.565,2,2
V2_VI_EN_149,vi,en,support,medium,"Nếu mất kết nối, ứng dụng sẽ thử lại sau 17 giây.","If the connection is lost, the application will retry after 17 seconds.",17,deterministic_template_v2,"If the connection is lost, the app will try again in 17 seconds.",380.946,0.72,73.319,1,1
V2_VI_EN_150,vi,en,translation,short,Bản dịch phải giữ nguyên tên An và mã WS-410.,The translation must preserve the name An and code WS-410.,An | WS-410,deterministic_template_v2,The translation must retain the name An and the code WS-410.,390.677,0.8696,77.927,2,2
V2_VI_EN_151,vi,en,operations,medium,Đơn hàng 25 sẽ được giao đến Đà Nẵng vào thứ Năm.,Order 25 will be delivered to Đà Nẵng on thứ Năm.,25 | Đà Nẵng | thứ Năm,deterministic_template_v2,The 25th order will be delivered to Danang on Thursday.,330.9,0.5714,59.876,1,3
V2_VI_EN_152,vi,en,business,medium,Cuộc họp kỹ thuật bắt đầu lúc 15:00 tại phòng D410.,The technical meeting starts at 15:00 in room D410.,15:00 | D410,deterministic_template_v2,The technical meeting starts at 3:00 in room D410.,330.249,0.9,91.529,1,2
V2_VI_EN_153,vi,en,technology,medium,Vui lòng sao lưu máy chủ trước khi cập nhật hệ thống.,Please back up server before updating the system.,system,deterministic_template_v2,Please back up the server before updating the system.,310.125,0.9412,92.323,1,1
V2_VI_EN_154,vi,en,security,medium,Tài khoản Minh bị khóa sau 56 lần đăng nhập sai.,The account for Minh was locked after 56 failed login attempts.,Minh | 56,deterministic_template_v2,Minh's account was locked after 56 false logins.,339.036,0.6,61.867,2,2
V2_VI_EN_155,vi,en,travel,medium,Chuyến bay đến Hải Phòng khởi hành lúc 09:15 vào thứ Tư.,The flight to Hải Phòng departs at 09:15 on thứ Tư.,Hải Phòng | 09:15,deterministic_template_v2,The flight to the Navy Yard leaves at 9:15 on Wednesday.,367.291,0.5,42.644,0,2
V2_VI_EN_156,vi,en,healthcare,short,Bệnh nhân cần uống 75 viên thuốc sau bữa ăn.,The patient needs to take 75 tablets after the meal.,75,deterministic_template_v2,Patient needs 75 pills after meals.,263.067,0.5,51.438,1,1
V2_VI_EN_157,vi,en,education,medium,Sinh viên phải nộp bài trước 13:45 ngày ngày 15 tháng 9.,Students must submit the assignment before 13:45 on ngày 15 tháng 9.,13:45 | ngày 15 tháng 9,deterministic_template_v2,Students must submit their paper by 1:45 p.m. on September 15.,372.562,0.4615,46.524,0,2
V2_VI_EN_158,vi,en,finance,medium,Hóa đơn 3 có tổng giá trị là 350.75 đô la.,Invoice 3 has a total value of 350.75 dollars.,3 | 350.75,deterministic_template_v2,Bill 3 has a total value of $350.75.,377.749,0.8421,66.711,2,2
V2_VI_EN_159,vi,en,support,medium,"Nếu mất kết nối, ứng dụng sẽ thử lại sau 5 giây.","If the connection is lost, the application will retry after 5 seconds.",5,deterministic_template_v2,"If the connection is lost, the app will try again in five seconds.",407.892,0.64,68.913,0,1
V2_VI_EN_160,vi,en,translation,short,Bản dịch phải giữ nguyên tên An và mã WS-410.,The translation must preserve the name An and code WS-410.,An | WS-410,deterministic_template_v2,The translation must retain the name An and the code WS-410.,542.312,0.8696,77.927,2,2
V2_VI_EN_161,vi,en,operations,medium,Đơn hàng 12 sẽ được giao đến Đà Nẵng vào thứ Sáu.,Order 12 will be delivered to Đà Nẵng on thứ Sáu.,12 | Đà Nẵng | thứ Sáu,deterministic_template_v2,The 12th order will be delivered to Da Nang on Friday.,368.829,0.5455,58.028,1,3
V2_VI_EN_162,vi,en,business,medium,Cuộc họp kỹ thuật bắt đầu lúc 10:30 tại phòng D410.,The technical meeting starts at 10:30 in room D410.,10:30 | D410,deterministic_template_v2,The technical meeting starts at 10:30 in room D410.,305.069,1.0,100.0,2,2
V2_VI_EN_163,vi,en,technology,medium,Vui lòng sao lưu máy chủ trước khi cập nhật hệ thống.,Please back up server before updating the system.,system,deterministic_template_v2,Please back up the server before updating the system.,314.088,0.9412,92.323,1,1
V2_VI_EN_164,vi,en,security,medium,Tài khoản Minh bị khóa sau 25 lần đăng nhập sai.,The account for Minh was locked after 25 failed login attempts.,Minh | 25,deterministic_template_v2,Minh's account was locked after 25 false logins.,327.321,0.6,61.867,2,2
V2_VI_EN_165,vi,en,travel,medium,Chuyến bay đến Hải Phòng khởi hành lúc 17:20 vào thứ Năm.,The flight to Hải Phòng departs at 17:20 on thứ Năm.,Hải Phòng | 17:20,deterministic_template_v2,The flight to Haiphong leaves at 5:20 on Thursday.,363.974,0.5455,48.947,0,2
V2_VI_EN_166,vi,en,healthcare,short,Bệnh nhân cần uống 42 viên thuốc sau bữa ăn.,The patient needs to take 42 tablets after the meal.,42,deterministic_template_v2,Patient needs 42 pills after meals.,275.511,0.5,51.438,1,1
V2_VI_EN_167,vi,en,education,medium,Sinh viên phải nộp bài trước 09:15 ngày ngày 24 tháng 9.,Students must submit the assignment before 09:15 on ngày 24 tháng 9.,09:15 | ngày 24 tháng 9,deterministic_template_v2,Students must submit their paper by 9:15 on September 24.,362.107,0.5833,51.576,0,2
V2_VI_EN_168,vi,en,finance,medium,Hóa đơn 64 có tổng giá trị là 350.75 đô la.,Invoice 64 has a total value of 350.75 dollars.,64 | 350.75,deterministic_template_v2,Bill 64 has a total value of $350.75.,303.951,0.8421,67.565,2,2
V2_VI_EN_169,vi,en,support,medium,"Nếu mất kết nối, ứng dụng sẽ thử lại sau 75 giây.","If the connection is lost, the application will retry after 75 seconds.",75,deterministic_template_v2,"If the connection is lost, the app will try again in 75 seconds.",457.488,0.72,73.319,1,1
V2_VI_EN_170,vi,en,translation,short,Bản dịch phải giữ nguyên tên An và mã WS-410.,The translation must preserve the name An and code WS-410.,An | WS-410,deterministic_template_v2,The translation must retain the name An and the code WS-410.,410.29,0.8696,77.927,2,2
V2_VI_EN_171,vi,en,operations,medium,Đơn hàng 3 sẽ được giao đến Đà Nẵng vào ngày 15 tháng 9.,Order 3 will be delivered to Đà Nẵng on ngày 15 tháng 9.,3 | Đà Nẵng | ngày 15 tháng 9,deterministic_template_v2,Order three will be delivered to Da Nang on September 15th.,346.399,0.5,52.333,0,3
V2_VI_EN_172,vi,en,business,medium,Cuộc họp kỹ thuật bắt đầu lúc 08:00 tại phòng D410.,The technical meeting starts at 08:00 in room D410.,08:00 | D410,deterministic_template_v2,The technical meeting starts at 0800 hours in room D410.,664.24,0.8,85.765,1,2
V2_VI_EN_173,vi,en,technology,medium,Vui lòng sao lưu máy chủ trước khi cập nhật hệ thống.,Please back up server before updating the system.,system,deterministic_template_v2,Please back up the server before updating the system.,310.95,0.9412,92.323,1,1
V2_VI_EN_174,vi,en,security,medium,Tài khoản Minh bị khóa sau 12 lần đăng nhập sai.,The account for Minh was locked after 12 failed login attempts.,Minh | 12,deterministic_template_v2,Minh's account was locked after 12 false logins.,351.332,0.6,61.867,2,2
V2_VI_EN_175,vi,en,travel,medium,Chuyến bay đến Hải Phòng khởi hành lúc 13:45 vào thứ Sáu.,The flight to Hải Phòng departs at 13:45 on thứ Sáu.,Hải Phòng | 13:45,deterministic_template_v2,The flight to the Navy Yard leaves at 1:45 p.m. on Friday.,423.055,0.4615,39.75,0,2
V2_VI_EN_176,vi,en,healthcare,short,Bệnh nhân cần uống 21 viên thuốc sau bữa ăn.,The patient needs to take 21 tablets after the meal.,21,deterministic_template_v2,Patient needs 21 pills after meals.,267.231,0.5,51.438,1,1
V2_VI_EN_177,vi,en,education,short,Sinh viên phải nộp bài trước 17:20 ngày thứ Hai.,Students must submit the assignment before 17:20 on thứ Hai.,17:20 | thứ Hai,deterministic_template_v2,Students must submit their paper by 5:20 p.m. on Monday.,361.904,0.4348,48.558,0,2
V2_VI_EN_178,vi,en,finance,medium,Hóa đơn 30 có tổng giá trị là 350.75 đô la.,Invoice 30 has a total value of 350.75 dollars.,30 | 350.75,deterministic_template_v2,Bill 30 has a total value of $350.75.,307.31,0.8421,67.565,2,2
V2_VI_EN_179,vi,en,support,medium,"Nếu mất kết nối, ứng dụng sẽ thử lại sau 42 giây.","If the connection is lost, the application will retry after 42 seconds.",42,deterministic_template_v2,"If the connection is lost, the app will try again in 42 seconds.",656.319,0.72,73.319,1,1
V2_VI_EN_180,vi,en,translation,short,Bản dịch phải giữ nguyên tên An và mã WS-410.,The translation must preserve the name An and code WS-410.,An | WS-410,deterministic_template_v2,The translation must retain the name An and the code WS-410.,543.24,0.8696,77.927,2,2
V2_VI_EN_181,vi,en,operations,medium,Đơn hàng 64 sẽ được giao đến Đà Nẵng vào ngày 24 tháng 9.,Order 64 will be delivered to Đà Nẵng on ngày 24 tháng 9.,64 | Đà Nẵng | ngày 24 tháng 9,deterministic_template_v2,Order 64 will be delivered to Danang on September 24th.,332.08,0.6087,61.1,1,3
V2_VI_EN_182,vi,en,business,medium,Cuộc họp kỹ thuật bắt đầu lúc 15:00 tại phòng D410.,The technical meeting starts at 15:00 in room D410.,15:00 | D410,deterministic_template_v2,The technical meeting starts at 3:00 in room D410.,496.425,0.9,91.529,1,2
V2_VI_EN_183,vi,en,technology,medium,Vui lòng sao lưu máy chủ trước khi cập nhật hệ thống.,Please back up server before updating the system.,system,deterministic_template_v2,Please back up the server before updating the system.,415.363,0.9412,92.323,1,1
V2_VI_EN_184,vi,en,security,medium,Tài khoản Minh bị khóa sau 3 lần đăng nhập sai.,The account for Minh was locked after 3 failed login attempts.,Minh | 3,deterministic_template_v2,Minh's account was locked after three false logins.,398.152,0.5,55.025,1,2
V2_VI_EN_185,vi,en,travel,medium,Chuyến bay đến Hải Phòng khởi hành lúc 09:15 vào ngày 15 tháng 9.,The flight to Hải Phòng departs at 09:15 on ngày 15 tháng 9.,Hải Phòng | 09:15,deterministic_template_v2,The flight to Haiphong leaves at 09:15 on September 15.,326.421,0.64,50.204,1,2
V2_VI_EN_186,vi,en,healthcare,short,Bệnh nhân cần uống 8 viên thuốc sau bữa ăn.,The patient needs to take 8 tablets after the meal.,8,deterministic_template_v2,Patient needs to take eight pills after meals.,309.873,0.5556,61.52,0,1
V2_VI_EN_187,vi,en,education,short,Sinh viên phải nộp bài trước 13:45 ngày thứ Ba.,Students must submit the assignment before 13:45 on thứ Ba.,13:45 | thứ Ba,deterministic_template_v2,Students must submit their paper by 1:45 p.m. on Tuesday.,365.178,0.4348,50.627,0,2
V2_VI_EN_188,vi,en,finance,medium,Hóa đơn 17 có tổng giá trị là 350.75 đô la.,Invoice 17 has a total value of 350.75 dollars.,17 | 350.75,deterministic_template_v2,Bill 17 has a total value of $350.75.,393.8,0.8421,67.565,2,2
V2_VI_EN_189,vi,en,support,medium,"Nếu mất kết nối, ứng dụng sẽ thử lại sau 21 giây.","If the connection is lost, the application will retry after 21 seconds.",21,deterministic_template_v2,"If the connection is lost, the app will try again in 21 seconds.",517.626,0.72,73.319,1,1
V2_VI_EN_190,vi,en,translation,short,Bản dịch phải giữ nguyên tên An và mã WS-410.,The translation must preserve the name An and code WS-410.,An | WS-410,deterministic_template_v2,The translation must retain the name An and the code WS-410.,624.121,0.8696,77.927,2,2
V2_VI_EN_191,vi,en,operations,medium,Đơn hàng 30 sẽ được giao đến Đà Nẵng vào thứ Hai.,Order 30 will be delivered to Đà Nẵng on thứ Hai.,30 | Đà Nẵng | thứ Hai,deterministic_template_v2,30 orders will be delivered to Danang on Monday.,708.387,0.6,58.219,1,3
V2_VI_EN_192,vi,en,business,medium,Cuộc họp kỹ thuật bắt đầu lúc 10:30 tại phòng D410.,The technical meeting starts at 10:30 in room D410.,10:30 | D410,deterministic_template_v2,The technical meeting starts at 10:30 in room D410.,695.122,1.0,100.0,2,2
V2_VI_EN_193,vi,en,technology,medium,Vui lòng sao lưu máy chủ trước khi cập nhật hệ thống.,Please back up server before updating the system.,system,deterministic_template_v2,Please back up the server before updating the system.,695.828,0.9412,92.323,1,1
V2_VI_EN_194,vi,en,security,medium,Tài khoản Minh bị khóa sau 64 lần đăng nhập sai.,The account for Minh was locked after 64 failed login attempts.,Minh | 64,deterministic_template_v2,Minh's account was locked after 64 false logins.,677.472,0.6,61.867,2,2
V2_VI_EN_195,vi,en,travel,medium,Chuyến bay đến Hải Phòng khởi hành lúc 17:20 vào ngày 24 tháng 9.,The flight to Hải Phòng departs at 17:20 on ngày 24 tháng 9.,Hải Phòng | 17:20,deterministic_template_v2,The flight to Haiphong leaves at 17:20 on September 24.,792.557,0.64,50.204,1,2
V2_VI_EN_196,vi,en,healthcare,short,Bệnh nhân cần uống 2 viên thuốc sau bữa ăn.,The patient needs to take 2 tablets after the meal.,2,deterministic_template_v2,Patient needs two pills after meals.,573.891,0.375,51.499,0,1
V2_VI_EN_197,vi,en,education,short,Sinh viên phải nộp bài trước 09:15 ngày thứ Tư.,Students must submit the assignment before 09:15 on thứ Tư.,09:15 | thứ Tư,deterministic_template_v2,Students must submit their paper by 9:15 on Wednesday.,722.654,0.4762,53.985,0,2
V2_VI_EN_198,vi,en,finance,medium,Hóa đơn 5 có tổng giá trị là 350.75 đô la.,Invoice 5 has a total value of 350.75 dollars.,5 | 350.75,deterministic_template_v2,Bill five has a total value of $350.75.,610.049,0.7368,61.18,2,2
V2_VI_EN_199,vi,en,support,medium,"Nếu mất kết nối, ứng dụng sẽ thử lại sau 8 giây.","If the connection is lost, the application will retry after 8 seconds.",8,deterministic_template_v2,"If the connection is lost, the app will try again in eight seconds.",683.723,0.64,68.393,0,1
V2_VI_EN_200,vi,en,translation,short,Bản dịch phải giữ nguyên tên An và mã WS-410.,The translation must preserve the name An and code WS-410.,An | WS-410,deterministic_template_v2,The translation must retain the name An and the code WS-410.,626.03,0.8696,77.927,2,2
V2_VI_EN_201,vi,en,operations,medium,Đơn hàng 17 sẽ được giao đến Đà Nẵng vào thứ Ba.,Order 17 will be delivered to Đà Nẵng on thứ Ba.,17 | Đà Nẵng | thứ Ba,deterministic_template_v2,Order 17 will be delivered to Danang on Tuesday.,344.567,0.7,71.188,1,3
V2_VI_EN_202,vi,en,business,medium,Cuộc họp kỹ thuật bắt đầu lúc 08:00 tại phòng D410.,The technical meeting starts at 08:00 in room D410.,08:00 | D410,deterministic_template_v2,The technical meeting starts at 0800 hours in room D410.,427.189,0.8,85.765,1,2
V2_VI_EN_203,vi,en,technology,medium,Vui lòng sao lưu máy chủ trước khi cập nhật hệ thống.,Please back up server before updating the system.,system,deterministic_template_v2,Please back up the server before updating the system.,624.884,0.9412,92.323,1,1
V2_VI_EN_204,vi,en,security,medium,Tài khoản Minh bị khóa sau 30 lần đăng nhập sai.,The account for Minh was locked after 30 failed login attempts.,Minh | 30,deterministic_template_v2,Minh's account was locked after 30 false logins.,585.45,0.6,61.867,2,2
V2_VI_EN_205,vi,en,travel,medium,Chuyến bay đến Hải Phòng khởi hành lúc 13:45 vào thứ Hai.,The flight to Hải Phòng departs at 13:45 on thứ Hai.,Hải Phòng | 13:45,deterministic_template_v2,The flight to the Navy Yard leaves at 1:45 p.m. on Monday.,671.978,0.4615,39.75,0,2
V2_VI_EN_206,vi,en,healthcare,short,Bệnh nhân cần uống 56 viên thuốc sau bữa ăn.,The patient needs to take 56 tablets after the meal.,56,deterministic_template_v2,Patient needs to take 56 pills after meals.,459.715,0.6667,68.152,1,1
V2_VI_EN_207,vi,en,education,short,Sinh viên phải nộp bài trước 17:20 ngày thứ Năm.,Students must submit the assignment before 17:20 on thứ Năm.,17:20 | thứ Năm,deterministic_template_v2,Students must submit their paper by 5:20 p.m. on Thursday.,537.142,0.4348,50.662,0,2
V2_VI_EN_208,vi,en,finance,medium,Hóa đơn 75 có tổng giá trị là 350.75 đô la.,Invoice 75 has a total value of 350.75 dollars.,75 | 350.75,deterministic_template_v2,The 75 bill has a total value of $350.75.,480.041,0.8,62.943,2,2
V2_VI_EN_209,vi,en,support,medium,"Nếu mất kết nối, ứng dụng sẽ thử lại sau 2 giây.","If the connection is lost, the application will retry after 2 seconds.",2,deterministic_template_v2,"If the connection is lost, the app will try again in two seconds.",375.058,0.64,69.442,0,1
V2_VI_EN_210,vi,en,translation,short,Bản dịch phải giữ nguyên tên An và mã WS-410.,The translation must preserve the name An and code WS-410.,An | WS-410,deterministic_template_v2,The translation must retain the name An and the code WS-410.,422.491,0.8696,77.927,2,2
V2_VI_EN_211,vi,en,operations,medium,Đơn hàng 5 sẽ được giao đến Đà Nẵng vào thứ Tư.,Order 5 will be delivered to Đà Nẵng on thứ Tư.,5 | Đà Nẵng | thứ Tư,deterministic_template_v2,Order five will be delivered to Danang on Wednesday.,416.829,0.6,56.734,0,3
V2_VI_EN_212,vi,en,business,medium,Cuộc họp kỹ thuật bắt đầu lúc 15:00 tại phòng D410.,The technical meeting starts at 15:00 in room D410.,15:00 | D410,deterministic_template_v2,The technical meeting starts at 3:00 in room D410.,428.127,0.9,91.529,1,2
V2_VI_EN_213,vi,en,technology,medium,Vui lòng sao lưu máy chủ trước khi cập nhật hệ thống.,Please back up server before updating the system.,system,deterministic_template_v2,Please back up the server before updating the system.,378.157,0.9412,92.323,1,1
V2_VI_EN_214,vi,en,security,medium,Tài khoản Minh bị khóa sau 17 lần đăng nhập sai.,The account for Minh was locked after 17 failed login attempts.,Minh | 17,deterministic_template_v2,Minh's account was locked after 17 false logins.,606.947,0.6,61.867,2,2
V2_VI_EN_215,vi,en,travel,medium,Chuyến bay đến Hải Phòng khởi hành lúc 09:15 vào thứ Ba.,The flight to Hải Phòng departs at 09:15 on thứ Ba.,Hải Phòng | 09:15,deterministic_template_v2,The flight to the Navy Yard leaves at 9:15 on Tuesday.,652.826,0.5,45.484,0,2
V2_VI_EN_216,vi,en,healthcare,short,Bệnh nhân cần uống 25 viên thuốc sau bữa ăn.,The patient needs to take 25 tablets after the meal.,25,deterministic_template_v2,Patient needs 25 pills after meals.,521.309,0.5,51.438,1,1
V2_VI_EN_217,vi,en,education,short,Sinh viên phải nộp bài trước 13:45 ngày thứ Sáu.,Students must submit the assignment before 13:45 on thứ Sáu.,13:45 | thứ Sáu,deterministic_template_v2,Students must submit their paper by 1:45 p.m. on Friday.,764.198,0.4348,48.563,0,2
V2_VI_EN_218,vi,en,finance,medium,Hóa đơn 42 có tổng giá trị là 350.75 đô la.,Invoice 42 has a total value of 350.75 dollars.,42 | 350.75,deterministic_template_v2,Bill 42 has a total value of $350.75.,497.375,0.8421,67.565,2,2
V2_VI_EN_219,vi,en,support,medium,"Nếu mất kết nối, ứng dụng sẽ thử lại sau 56 giây.","If the connection is lost, the application will retry after 56 seconds.",56,deterministic_template_v2,"If the connection is lost, the app will try again in 56 seconds.",452.944,0.72,73.319,1,1
V2_VI_EN_220,vi,en,translation,short,Bản dịch phải giữ nguyên tên An và mã WS-410.,The translation must preserve the name An and code WS-410.,An | WS-410,deterministic_template_v2,The translation must retain the name An and the code WS-410.,669.405,0.8696,77.927,2,2
V2_VI_EN_221,vi,en,operations,medium,Đơn hàng 75 sẽ được giao đến Đà Nẵng vào thứ Năm.,Order 75 will be delivered to Đà Nẵng on thứ Năm.,75 | Đà Nẵng | thứ Năm,deterministic_template_v2,The 75 will be delivered to Danang on Thursday.,600.924,0.6,63.079,1,3
V2_VI_EN_222,vi,en,business,medium,Cuộc họp kỹ thuật bắt đầu lúc 10:30 tại phòng D410.,The technical meeting starts at 10:30 in room D410.,10:30 | D410,deterministic_template_v2,The technical meeting starts at 10:30 in room D410.,681.0,1.0,100.0,2,2
V2_VI_EN_223,vi,en,technology,medium,Vui lòng sao lưu máy chủ trước khi cập nhật hệ thống.,Please back up server before updating the system.,system,deterministic_template_v2,Please back up the server before updating the system.,592.36,0.9412,92.323,1,1
V2_VI_EN_224,vi,en,security,medium,Tài khoản Minh bị khóa sau 5 lần đăng nhập sai.,The account for Minh was locked after 5 failed login attempts.,Minh | 5,deterministic_template_v2,Minh's account was locked after five false logins.,638.212,0.5,54.94,1,2
V2_VI_EN_225,vi,en,travel,medium,Chuyến bay đến Hải Phòng khởi hành lúc 17:20 vào thứ Tư.,The flight to Hải Phòng departs at 17:20 on thứ Tư.,Hải Phòng | 17:20,deterministic_template_v2,The flight to the Navy Yard leaves at 5:20 on Wednesday.,723.998,0.5,40.681,0,2
V2_VI_EN_226,vi,en,healthcare,short,Bệnh nhân cần uống 12 viên thuốc sau bữa ăn.,The patient needs to take 12 tablets after the meal.,12,deterministic_template_v2,Patient needs to take 12 pills after meals.,712.842,0.6667,68.152,1,1
V2_VI_EN_227,vi,en,education,medium,Sinh viên phải nộp bài trước 09:15 ngày ngày 15 tháng 9.,Students must submit the assignment before 09:15 on ngày 15 tháng 9.,09:15 | ngày 15 tháng 9,deterministic_template_v2,Students must submit their paper by 9:15 on September 15.,637.078,0.5833,51.576,0,2
V2_VI_EN_228,vi,en,finance,medium,Hóa đơn 21 có tổng giá trị là 350.75 đô la.,Invoice 21 has a total value of 350.75 dollars.,21 | 350.75,deterministic_template_v2,Bill 21 has a total value of $350.75.,667.583,0.8421,67.565,2,2
V2_VI_EN_229,vi,en,support,medium,"Nếu mất kết nối, ứng dụng sẽ thử lại sau 25 giây.","If the connection is lost, the application will retry after 25 seconds.",25,deterministic_template_v2,"If the connection is lost, the app will try again in 25 seconds.",472.17,0.72,73.319,1,1
V2_VI_EN_230,vi,en,translation,short,Bản dịch phải giữ nguyên tên An và mã WS-410.,The translation must preserve the name An and code WS-410.,An | WS-410,deterministic_template_v2,The translation must retain the name An and the code WS-410.,549.527,0.8696,77.927,2,2
V2_VI_EN_231,vi,en,operations,medium,Đơn hàng 42 sẽ được giao đến Đà Nẵng vào thứ Sáu.,Order 42 will be delivered to Đà Nẵng on thứ Sáu.,42 | Đà Nẵng | thứ Sáu,deterministic_template_v2,Order 42 will be delivered to Danang on Friday.,427.915,0.7,68.64,1,3
V2_VI_EN_232,vi,en,business,medium,Cuộc họp kỹ thuật bắt đầu lúc 08:00 tại phòng D410.,The technical meeting starts at 08:00 in room D410.,08:00 | D410,deterministic_template_v2,The technical meeting starts at 0800 hours in room D410.,442.062,0.8,85.765,1,2
V2_VI_EN_233,vi,en,technology,medium,Vui lòng sao lưu máy chủ trước khi cập nhật hệ thống.,Please back up server before updating the system.,system,deterministic_template_v2,Please back up the server before updating the system.,401.955,0.9412,92.323,1,1
V2_VI_EN_234,vi,en,security,medium,Tài khoản Minh bị khóa sau 75 lần đăng nhập sai.,The account for Minh was locked after 75 failed login attempts.,Minh | 75,deterministic_template_v2,Minh's account was locked after 75 false logins.,467.007,0.6,61.867,2,2
V2_VI_EN_235,vi,en,travel,medium,Chuyến bay đến Hải Phòng khởi hành lúc 13:45 vào thứ Năm.,The flight to Hải Phòng departs at 13:45 on thứ Năm.,Hải Phòng | 13:45,deterministic_template_v2,The flight to Haiphong leaves at 1:45 p.m. on Thursday.,696.16,0.5,47.078,0,2
V2_VI_EN_236,vi,en,healthcare,short,Bệnh nhân cần uống 3 viên thuốc sau bữa ăn.,The patient needs to take 3 tablets after the meal.,3,deterministic_template_v2,Patient needs to take three pills after meals.,411.163,0.5556,63.633,0,1
V2_VI_EN_237,vi,en,education,medium,Sinh viên phải nộp bài trước 17:20 ngày ngày 24 tháng 9.,Students must submit the assignment before 17:20 on ngày 24 tháng 9.,17:20 | ngày 24 tháng 9,deterministic_template_v2,Students must submit their paper by 5:20 p.m. on September 24.,516.776,0.4615,45.743,0,2
V2_VI_EN_238,vi,en,finance,medium,Hóa đơn 8 có tổng giá trị là 350.75 đô la.,Invoice 8 has a total value of 350.75 dollars.,8 | 350.75,deterministic_template_v2,Bill 8 has a total value of $350.75.,325.29,0.8421,66.711,2,2
V2_VI_EN_239,vi,en,support,medium,"Nếu mất kết nối, ứng dụng sẽ thử lại sau 12 giây.","If the connection is lost, the application will retry after 12 seconds.",12,deterministic_template_v2,"If the connection is lost, the app will try again in 12 seconds.",383.357,0.72,73.319,1,1
V2_VI_EN_240,vi,en,translation,short,Bản dịch phải giữ nguyên tên An và mã WS-410.,The translation must preserve the name An and code WS-410.,An | WS-410,deterministic_template_v2,The translation must retain the name An and the code WS-410.,393.36,0.8696,77.927,2,2
V2_VI_EN_241,vi,en,operations,medium,Đơn hàng 21 sẽ được giao đến Đà Nẵng vào ngày 15 tháng 9.,Order 21 will be delivered to Đà Nẵng on ngày 15 tháng 9.,21 | Đà Nẵng | ngày 15 tháng 9,deterministic_template_v2,Order 21 will be delivered to Da Nang on September 15th.,457.862,0.5833,61.131,1,3
V2_VI_EN_242,vi,en,business,medium,Cuộc họp kỹ thuật bắt đầu lúc 15:00 tại phòng D410.,The technical meeting starts at 15:00 in room D410.,15:00 | D410,deterministic_template_v2,The technical meeting starts at 3:00 in room D410.,441.875,0.9,91.529,1,2
V2_VI_EN_243,vi,en,technology,medium,Vui lòng sao lưu máy chủ trước khi cập nhật hệ thống.,Please back up server before updating the system.,system,deterministic_template_v2,Please back up the server before updating the system.,397.573,0.9412,92.323,1,1
V2_VI_EN_244,vi,en,security,medium,Tài khoản Minh bị khóa sau 42 lần đăng nhập sai.,The account for Minh was locked after 42 failed login attempts.,Minh | 42,deterministic_template_v2,Minh's account was locked after 42 false logins.,350.693,0.6,61.867,2,2
V2_VI_EN_245,vi,en,travel,medium,Chuyến bay đến Hải Phòng khởi hành lúc 09:15 vào thứ Sáu.,The flight to Hải Phòng departs at 09:15 on thứ Sáu.,Hải Phòng | 09:15,deterministic_template_v2,The flight to the Navy Yard leaves at 9:15 on Friday.,360.312,0.5,43.805,0,2
V2_VI_EN_246,vi,en,healthcare,short,Bệnh nhân cần uống 64 viên thuốc sau bữa ăn.,The patient needs to take 64 tablets after the meal.,64,deterministic_template_v2,Patient needs to take 64 pills after meals.,343.955,0.6667,68.152,1,1
V2_VI_EN_247,vi,en,education,short,Sinh viên phải nộp bài trước 13:45 ngày thứ Hai.,Students must submit the assignment before 13:45 on thứ Hai.,13:45 | thứ Hai,deterministic_template_v2,Students must submit their paper by 1:45 p.m. on Monday.,441.443,0.4348,49.138,0,2
V2_VI_EN_248,vi,en,finance,medium,Hóa đơn 2 có tổng giá trị là 350.75 đô la.,Invoice 2 has a total value of 350.75 dollars.,2 | 350.75,deterministic_template_v2,Bill 2 has a total value of $350.75.,322.661,0.8421,66.711,2,2
V2_VI_EN_249,vi,en,support,medium,"Nếu mất kết nối, ứng dụng sẽ thử lại sau 3 giây.","If the connection is lost, the application will retry after 3 seconds.",3,deterministic_template_v2,"If the connection is lost, the app will try again in three seconds.",366.645,0.64,69.127,0,1
V2_VI_EN_250,vi,en,translation,short,Bản dịch phải giữ nguyên tên An và mã WS-410.,The translation must preserve the name An and code WS-410.,An | WS-410,deterministic_template_v2,The translation must retain the name An and the code WS-410.,436.681,0.8696,77.927,2,2
V2_EN_VI_001,en,vi,operations,short,Package QA-204 will arrive in Đà Nẵng on thứ Tư.,Kiện hàng QA-204 sẽ đến Đà Nẵng vào thứ Tư.,QA-204 | Đà Nẵng | thứ Tư,deterministic_template_v2,Gói QA-204 sẽ đến Đà Nẵng vào thứ tư.,652.632,0.8571,84.8,3,3
V2_EN_VI_002,en,vi,business,short,The technical meeting starts at 15:00 in room D410.,Cuộc họp kỹ thuật bắt đầu lúc 15:00 tại phòng D410.,15:00 | D410,deterministic_template_v2,Cuộc họp kỹ thuật bắt đầu lúc 15:00 tại phòng D410.,386.602,1.0,100.0,2,2
V2_EN_VI_003,en,vi,technology,short,Please restart the server after installing the update.,Vui lòng khởi động lại máy chủ sau khi cài đặt bản cập nhật.,,deterministic_template_v2,Vui lòng khởi động lại máy chủ sau khi cài đặt bản cập nhật.,578.467,1.0,100.0,0,0
V2_EN_VI_004,en,vi,security,short,User Minh must change the password within 8 days.,Người dùng Minh phải đổi mật khẩu trong vòng 8 ngày.,Minh | 8,deterministic_template_v2,Người dùng Minh phải thay đổi mật khẩu trong vòng 8 ngày.,411.743,0.9565,91.886,2,2
V2_EN_VI_005,en,vi,travel,medium,The train to Hải Phòng leaves at 09:15 on thứ Ba.,Tàu đi Hải Phòng khởi hành lúc 09:15 vào thứ Ba.,Hải Phòng | 09:15,deterministic_template_v2,Tàu đến Hải Phòng khởi hành lúc 09:15 ngày thứ Ba.,471.884,0.8333,78.535,2,2
V2_EN_VI_006,en,vi,healthcare,short,Take 17 tablets with water after breakfast.,Uống 17 viên thuốc với nước sau bữa sáng.,17,deterministic_template_v2,Uống 17 viên với nước sau bữa sáng.,314.704,0.9412,86.624,1,1
V2_EN_VI_007,en,vi,education,short,The final exam is scheduled for 13:45 on thứ Sáu.,Kỳ thi cuối kỳ được tổ chức lúc 13:45 vào thứ Sáu.,13:45 | thứ Sáu,deterministic_template_v2,Bài thi cuối cùng được lên lịch vào lúc 13:45 thứ Sáu.,661.724,0.6923,58.676,2,2
V2_EN_VI_008,en,vi,finance,short,Invoice 25 has an outstanding balance of 350.75 dollars.,Hóa đơn 25 còn số dư chưa thanh toán là 350.75 đô la.,25 | 350.75,deterministic_template_v2,"Hóa đơn 25 có số dư 350,75 đô la.",657.931,0.75,53.755,1,2
V2_EN_VI_009,en,vi,support,short,The application will reconnect automatically after 30 seconds.,Ứng dụng sẽ tự động kết nối lại sau 30 giây.,30,deterministic_template_v2,Ứng dụng sẽ tự động kết nối lại sau 30 giây.,539.751,1.0,100.0,1,1
V2_EN_VI_010,en,vi,translation,short,Keep the name An and reference code WS-410 unchanged.,Giữ nguyên tên An và mã tham chiếu WS-410.,An | WS-410,deterministic_template_v2,Giữ tên An và mã tham chiếu WS-410 không thay đổi.,459.664,0.8182,70.989,2,2
V2_EN_VI_011,en,vi,operations,short,Package QA-204 will arrive in Đà Nẵng on thứ Năm.,Kiện hàng QA-204 sẽ đến Đà Nẵng vào thứ Năm.,QA-204 | Đà Nẵng | thứ Năm,deterministic_template_v2,Gói QA-204 sẽ đến Đà Nẵng vào thứ năm.,801.793,0.8571,85.198,3,3
V2_EN_VI_012,en,vi,business,short,The technical meeting starts at 10:30 in room D410.,Cuộc họp kỹ thuật bắt đầu lúc 10:30 tại phòng D410.,10:30 | D410,deterministic_template_v2,Cuộc họp kỹ thuật bắt đầu lúc 10:30 ở phòng D410.,569.87,0.9167,90.384,2,2
V2_EN_VI_013,en,vi,technology,short,Please restart the server after installing the update.,Vui lòng khởi động lại máy chủ sau khi cài đặt bản cập nhật.,,deterministic_template_v2,Vui lòng khởi động lại máy chủ sau khi cài đặt bản cập nhật.,610.413,1.0,100.0,0,0
V2_EN_VI_014,en,vi,security,short,User Minh must change the password within 2 days.,Người dùng Minh phải đổi mật khẩu trong vòng 2 ngày.,Minh | 2,deterministic_template_v2,Người dùng Minh phải thay đổi mật khẩu trong vòng 2 ngày.,586.878,0.9565,91.886,2,2
V2_EN_VI_015,en,vi,travel,medium,The train to Hải Phòng leaves at 17:20 on thứ Tư.,Tàu đi Hải Phòng khởi hành lúc 17:20 vào thứ Tư.,Hải Phòng | 17:20,deterministic_template_v2,Tàu đến Hải Phòng khởi hành lúc 17:20 thứ Tư.,618.906,0.8696,82.268,2,2
V2_EN_VI_016,en,vi,healthcare,short,Take 5 tablets with water after breakfast.,Uống 5 viên thuốc với nước sau bữa sáng.,5,deterministic_template_v2,Uống 5 viên với nước sau bữa sáng.,391.033,0.9412,86.228,1,1
V2_EN_VI_017,en,vi,education,medium,The final exam is scheduled for 09:15 on ngày 15 tháng 9.,Kỳ thi cuối kỳ được tổ chức lúc 09:15 vào ngày 15 tháng 9.,09:15 | ngày 15 tháng 9,deterministic_template_v2,Bài thi cuối cùng được lên lịch vào lúc 09:15 ngày 15 tháng 9.,515.928,0.7333,64.5,2,2
V2_EN_VI_018,en,vi,finance,short,Invoice 12 has an outstanding balance of 350.75 dollars.,Hóa đơn 12 còn số dư chưa thanh toán là 350.75 đô la.,12 | 350.75,deterministic_template_v2,"Hóa đơn 12 có số dư 350,75 đô la.",419.889,0.75,53.755,1,2
V2_EN_VI_019,en,vi,support,short,The application will reconnect automatically after 17 seconds.,Ứng dụng sẽ tự động kết nối lại sau 17 giây.,17,deterministic_template_v2,Ứng dụng sẽ tự động kết nối lại sau 17 giây.,553.692,1.0,100.0,1,1
V2_EN_VI_020,en,vi,translation,short,Keep the name An and reference code WS-410 unchanged.,Giữ nguyên tên An và mã tham chiếu WS-410.,An | WS-410,deterministic_template_v2,Giữ tên An và mã tham chiếu WS-410 không thay đổi.,468.198,0.8182,70.989,2,2
V2_EN_VI_021,en,vi,operations,short,Package QA-204 will arrive in Đà Nẵng on thứ Sáu.,Kiện hàng QA-204 sẽ đến Đà Nẵng vào thứ Sáu.,QA-204 | Đà Nẵng | thứ Sáu,deterministic_template_v2,Gói QA-204 sẽ đến Đà Nẵng vào thứ Sáu.,613.934,0.8571,85.198,3,3
V2_EN_VI_022,en,vi,business,short,The technical meeting starts at 08:00 in room D410.,Cuộc họp kỹ thuật bắt đầu lúc 08:00 tại phòng D410.,08:00 | D410,deterministic_template_v2,Cuộc họp kỹ thuật bắt đầu lúc 8 giờ trong phòng D410.,575.317,0.75,76.207,1,2
V2_EN_VI_023,en,vi,technology,short,Please restart the server after installing the update.,Vui lòng khởi động lại máy chủ sau khi cài đặt bản cập nhật.,,deterministic_template_v2,Vui lòng khởi động lại máy chủ sau khi cài đặt bản cập nhật.,645.262,1.0,100.0,0,0
V2_EN_VI_024,en,vi,security,short,User Minh must change the password within 56 days.,Người dùng Minh phải đổi mật khẩu trong vòng 56 ngày.,Minh | 56,deterministic_template_v2,Người dùng Minh phải thay đổi mật khẩu trong vòng 56 ngày.,504.095,0.9565,92.041,2,2
V2_EN_VI_025,en,vi,travel,medium,The train to Hải Phòng leaves at 13:45 on thứ Năm.,Tàu đi Hải Phòng khởi hành lúc 13:45 vào thứ Năm.,Hải Phòng | 13:45,deterministic_template_v2,Tàu đến Hải Phòng sẽ khởi hành lúc 13:45 vào thứ Năm.,451.672,0.88,84.974,2,2
V2_EN_VI_026,en,vi,healthcare,short,Take 75 tablets with water after breakfast.,Uống 75 viên thuốc với nước sau bữa sáng.,75,deterministic_template_v2,Uống 75 viên với nước sau bữa sáng.,347.035,0.9412,86.624,1,1
V2_EN_VI_027,en,vi,education,medium,The final exam is scheduled for 17:20 on ngày 24 tháng 9.,Kỳ thi cuối kỳ được tổ chức lúc 17:20 vào ngày 24 tháng 9.,17:20 | ngày 24 tháng 9,deterministic_template_v2,Bài thi cuối cùng được lên lịch vào 17:20 ngày 24 tháng 9.,494.098,0.6897,60.177,2,2
V2_EN_VI_028,en,vi,finance,short,Invoice 3 has an outstanding balance of 350.75 dollars.,Hóa đơn 3 còn số dư chưa thanh toán là 350.75 đô la.,3 | 350.75,deterministic_template_v2,"Hóa đơn 3 có số dư 350,75 đô la.",493.91,0.75,52.568,1,2
V2_EN_VI_029,en,vi,support,short,The application will reconnect automatically after 5 seconds.,Ứng dụng sẽ tự động kết nối lại sau 5 giây.,5,deterministic_template_v2,Ứng dụng sẽ tự động kết nối lại sau 5 giây.,532.99,1.0,100.0,1,1
V2_EN_VI_030,en,vi,translation,short,Keep the name An and reference code WS-410 unchanged.,Giữ nguyên tên An và mã tham chiếu WS-410.,An | WS-410,deterministic_template_v2,Giữ tên An và mã tham chiếu WS-410 không thay đổi.,566.91,0.8182,70.989,2,2
V2_EN_VI_031,en,vi,operations,medium,Package QA-204 will arrive in Đà Nẵng on ngày 15 tháng 9.,Kiện hàng QA-204 sẽ đến Đà Nẵng vào ngày 15 tháng 9.,QA-204 | Đà Nẵng | ngày 15 tháng 9,deterministic_template_v2,Gói QA-204 sẽ đến Đà Nẵng vào ngày 15 tháng 9.,564.413,0.88,87.76,3,3
V2_EN_VI_032,en,vi,business,short,The technical meeting starts at 15:00 in room D410.,Cuộc họp kỹ thuật bắt đầu lúc 15:00 tại phòng D410.,15:00 | D410,deterministic_template_v2,Cuộc họp kỹ thuật bắt đầu lúc 15:00 tại phòng D410.,533.827,1.0,100.0,2,2
V2_EN_VI_033,en,vi,technology,short,Please restart the server after installing the update.,Vui lòng khởi động lại máy chủ sau khi cài đặt bản cập nhật.,,deterministic_template_v2,Vui lòng khởi động lại máy chủ sau khi cài đặt bản cập nhật.,449.482,1.0,100.0,0,0
V2_EN_VI_034,en,vi,security,short,User Minh must change the password within 25 days.,Người dùng Minh phải đổi mật khẩu trong vòng 25 ngày.,Minh | 25,deterministic_template_v2,Người dùng Minh phải thay đổi mật khẩu trong vòng 25 ngày.,330.429,0.9565,92.041,2,2
V2_EN_VI_035,en,vi,travel,medium,The train to Hải Phòng leaves at 09:15 on thứ Sáu.,Tàu đi Hải Phòng khởi hành lúc 09:15 vào thứ Sáu.,Hải Phòng | 09:15,deterministic_template_v2,Tàu đến Hải Phòng khởi hành lúc 09:15 trên thứ Sáu.,414.465,0.8333,78.661,2,2
V2_EN_VI_036,en,vi,healthcare,short,Take 42 tablets with water after breakfast.,Uống 42 viên thuốc với nước sau bữa sáng.,42,deterministic_template_v2,Uống 42 viên với nước sau bữa sáng.,339.151,0.9412,86.624,1,1
V2_EN_VI_037,en,vi,education,short,The final exam is scheduled for 13:45 on thứ Hai.,Kỳ thi cuối kỳ được tổ chức lúc 13:45 vào thứ Hai.,13:45 | thứ Hai,deterministic_template_v2,Bài thi cuối cùng được lên lịch vào lúc 13:45 thứ Hai.,401.204,0.6923,58.676,2,2
V2_EN_VI_038,en,vi,finance,short,Invoice 64 has an outstanding balance of 350.75 dollars.,Hóa đơn 64 còn số dư chưa thanh toán là 350.75 đô la.,64 | 350.75,deterministic_template_v2,"Hóa đơn 64 có số dư 350,75 đô la.",530.899,0.75,53.755,1,2
V2_EN_VI_039,en,vi,support,short,The application will reconnect automatically after 75 seconds.,Ứng dụng sẽ tự động kết nối lại sau 75 giây.,75,deterministic_template_v2,Ứng dụng sẽ tự động kết nối lại sau 75 giây.,438.428,1.0,100.0,1,1
V2_EN_VI_040,en,vi,translation,short,Keep the name An and reference code WS-410 unchanged.,Giữ nguyên tên An và mã tham chiếu WS-410.,An | WS-410,deterministic_template_v2,Giữ tên An và mã tham chiếu WS-410 không thay đổi.,483.018,0.8182,70.989,2,2
V2_EN_VI_041,en,vi,operations,medium,Package QA-204 will arrive in Đà Nẵng on ngày 24 tháng 9.,Kiện hàng QA-204 sẽ đến Đà Nẵng vào ngày 24 tháng 9.,QA-204 | Đà Nẵng | ngày 24 tháng 9,deterministic_template_v2,Gói QA-204 sẽ đến Đà Nẵng vào ngày 24 tháng 9.,470.935,0.88,87.76,3,3
V2_EN_VI_042,en,vi,business,short,The technical meeting starts at 10:30 in room D410.,Cuộc họp kỹ thuật bắt đầu lúc 10:30 tại phòng D410.,10:30 | D410,deterministic_template_v2,Cuộc họp kỹ thuật bắt đầu lúc 10:30 ở phòng D410.,352.008,0.9167,90.384,2,2
V2_EN_VI_043,en,vi,technology,short,Please restart the server after installing the update.,Vui lòng khởi động lại máy chủ sau khi cài đặt bản cập nhật.,,deterministic_template_v2,Vui lòng khởi động lại máy chủ sau khi cài đặt bản cập nhật.,429.625,1.0,100.0,0,0
V2_EN_VI_044,en,vi,security,short,User Minh must change the password within 12 days.,Người dùng Minh phải đổi mật khẩu trong vòng 12 ngày.,Minh | 12,deterministic_template_v2,Người dùng Minh phải thay đổi mật khẩu trong vòng 12 ngày.,376.617,0.9565,92.041,2,2
V2_EN_VI_045,en,vi,travel,medium,The train to Hải Phòng leaves at 17:20 on ngày 15 tháng 9.,Tàu đi Hải Phòng khởi hành lúc 17:20 vào ngày 15 tháng 9.,Hải Phòng | 17:20,deterministic_template_v2,Tàu đến Hải Phòng khởi hành lúc 17:20 ngày 15 tháng 9.,535.717,0.8889,85.326,2,2
V2_EN_VI_046,en,vi,healthcare,short,Take 21 tablets with water after breakfast.,Uống 21 viên thuốc với nước sau bữa sáng.,21,deterministic_template_v2,Uống 21 viên với nước sau bữa sáng.,257.882,0.9412,86.624,1,1
V2_EN_VI_047,en,vi,education,short,The final exam is scheduled for 09:15 on thứ Ba.,Kỳ thi cuối kỳ được tổ chức lúc 09:15 vào thứ Ba.,09:15 | thứ Ba,deterministic_template_v2,Bài thi cuối cùng được lên lịch vào lúc 09:15 ngày thứ Ba.,392.804,0.6667,55.002,2,2
V2_EN_VI_048,en,vi,finance,short,Invoice 30 has an outstanding balance of 350.75 dollars.,Hóa đơn 30 còn số dư chưa thanh toán là 350.75 đô la.,30 | 350.75,deterministic_template_v2,"Hóa đơn 30 có số dư 350,75 đô la.",357.495,0.75,53.755,1,2
V2_EN_VI_049,en,vi,support,short,The application will reconnect automatically after 42 seconds.,Ứng dụng sẽ tự động kết nối lại sau 42 giây.,42,deterministic_template_v2,Ứng dụng sẽ tự động kết nối lại sau 42 giây.,577.685,1.0,100.0,1,1
V2_EN_VI_050,en,vi,translation,short,Keep the name An and reference code WS-410 unchanged.,Giữ nguyên tên An và mã tham chiếu WS-410.,An | WS-410,deterministic_template_v2,Giữ tên An và mã tham chiếu WS-410 không thay đổi.,436.334,0.8182,70.989,2,2
V2_EN_VI_051,en,vi,operations,short,Package QA-204 will arrive in Đà Nẵng on thứ Hai.,Kiện hàng QA-204 sẽ đến Đà Nẵng vào thứ Hai.,QA-204 | Đà Nẵng | thứ Hai,deterministic_template_v2,Gói QA-204 sẽ đến Đà Nẵng vào thứ Hai.,415.447,0.8571,85.198,3,3
V2_EN_VI_052,en,vi,business,short,The technical meeting starts at 08:00 in room D410.,Cuộc họp kỹ thuật bắt đầu lúc 08:00 tại phòng D410.,08:00 | D410,deterministic_template_v2,Cuộc họp kỹ thuật bắt đầu lúc 8 giờ trong phòng D410.,353.61,0.75,76.207,1,2
V2_EN_VI_053,en,vi,technology,short,Please restart the server after installing the update.,Vui lòng khởi động lại máy chủ sau khi cài đặt bản cập nhật.,,deterministic_template_v2,Vui lòng khởi động lại máy chủ sau khi cài đặt bản cập nhật.,422.727,1.0,100.0,0,0
V2_EN_VI_054,en,vi,security,short,User Minh must change the password within 3 days.,Người dùng Minh phải đổi mật khẩu trong vòng 3 ngày.,Minh | 3,deterministic_template_v2,Người dùng Minh phải thay đổi mật khẩu trong vòng 3 ngày.,325.586,0.9565,91.886,2,2
V2_EN_VI_055,en,vi,travel,medium,The train to Hải Phòng leaves at 13:45 on ngày 24 tháng 9.,Tàu đi Hải Phòng khởi hành lúc 13:45 vào ngày 24 tháng 9.,Hải Phòng | 13:45,deterministic_template_v2,Tàu đến Hải Phòng khởi hành lúc 13:45 ngày 24 tháng 9.,517.077,0.8889,85.326,2,2
V2_EN_VI_056,en,vi,healthcare,short,Take 8 tablets with water after breakfast.,Uống 8 viên thuốc với nước sau bữa sáng.,8,deterministic_template_v2,Uống 8 viên với nước sau bữa sáng.,389.797,0.9412,86.228,1,1
V2_EN_VI_057,en,vi,education,short,The final exam is scheduled for 17:20 on thứ Tư.,Kỳ thi cuối kỳ được tổ chức lúc 17:20 vào thứ Tư.,17:20 | thứ Tư,deterministic_template_v2,Bài thi cuối cùng được lên lịch vào 17:20 thứ Tư.,474.796,0.64,52.347,2,2
V2_EN_VI_058,en,vi,finance,short,Invoice 17 has an outstanding balance of 350.75 dollars.,Hóa đơn 17 còn số dư chưa thanh toán là 350.75 đô la.,17 | 350.75,deterministic_template_v2,"Hóa đơn 17 có số dư 350,75 đô la.",570.81,0.75,53.755,1,2
V2_EN_VI_059,en,vi,support,short,The application will reconnect automatically after 21 seconds.,Ứng dụng sẽ tự động kết nối lại sau 21 giây.,21,deterministic_template_v2,Ứng dụng sẽ tự động kết nối lại sau 21 giây.,743.505,1.0,100.0,1,1
V2_EN_VI_060,en,vi,translation,short,Keep the name An and reference code WS-410 unchanged.,Giữ nguyên tên An và mã tham chiếu WS-410.,An | WS-410,deterministic_template_v2,Giữ tên An và mã tham chiếu WS-410 không thay đổi.,677.564,0.8182,70.989,2,2
V2_EN_VI_061,en,vi,operations,short,Package QA-204 will arrive in Đà Nẵng on thứ Ba.,Kiện hàng QA-204 sẽ đến Đà Nẵng vào thứ Ba.,QA-204 | Đà Nẵng | thứ Ba,deterministic_template_v2,Gói QA-204 sẽ đến Đà Nẵng vào thứ Ba.,462.483,0.8571,84.8,3,3
V2_EN_VI_062,en,vi,business,short,The technical meeting starts at 15:00 in room D410.,Cuộc họp kỹ thuật bắt đầu lúc 15:00 tại phòng D410.,15:00 | D410,deterministic_template_v2,Cuộc họp kỹ thuật bắt đầu lúc 15:00 tại phòng D410.,363.667,1.0,100.0,2,2
V2_EN_VI_063,en,vi,technology,short,Please restart the server after installing the update.,Vui lòng khởi động lại máy chủ sau khi cài đặt bản cập nhật.,,deterministic_template_v2,Vui lòng khởi động lại máy chủ sau khi cài đặt bản cập nhật.,653.517,1.0,100.0,0,0
V2_EN_VI_064,en,vi,security,short,User Minh must change the password within 64 days.,Người dùng Minh phải đổi mật khẩu trong vòng 64 ngày.,Minh | 64,deterministic_template_v2,Người dùng Minh phải thay đổi mật khẩu trong vòng 64 ngày.,397.698,0.9565,92.041,2,2
V2_EN_VI_065,en,vi,travel,medium,The train to Hải Phòng leaves at 09:15 on thứ Hai.,Tàu đi Hải Phòng khởi hành lúc 09:15 vào thứ Hai.,Hải Phòng | 09:15,deterministic_template_v2,Tàu đến Hải Phòng khởi hành lúc 09:15 thứ Hai.,508.945,0.8696,82.67,2,2
V2_EN_VI_066,en,vi,healthcare,short,Take 2 tablets with water after breakfast.,Uống 2 viên thuốc với nước sau bữa sáng.,2,deterministic_template_v2,Uống 2 viên với nước sau bữa sáng.,319.437,0.9412,86.228,1,1
V2_EN_VI_067,en,vi,education,short,The final exam is scheduled for 13:45 on thứ Năm.,Kỳ thi cuối kỳ được tổ chức lúc 13:45 vào thứ Năm.,13:45 | thứ Năm,deterministic_template_v2,Bài thi cuối cùng được lên lịch vào lúc 13:45 vào thứ Năm.,443.65,0.6667,63.086,2,2
V2_EN_VI_068,en,vi,finance,short,Invoice 5 has an outstanding balance of 350.75 dollars.,Hóa đơn 5 còn số dư chưa thanh toán là 350.75 đô la.,5 | 350.75,deterministic_template_v2,"Hóa đơn 5 có số dư 350,75 đô la.",344.332,0.75,52.568,1,2
V2_EN_VI_069,en,vi,support,short,The application will reconnect automatically after 8 seconds.,Ứng dụng sẽ tự động kết nối lại sau 8 giây.,8,deterministic_template_v2,Ứng dụng sẽ tự động kết nối lại sau 8 giây.,426.226,1.0,100.0,1,1
V2_EN_VI_070,en,vi,translation,short,Keep the name An and reference code WS-410 unchanged.,Giữ nguyên tên An và mã tham chiếu WS-410.,An | WS-410,deterministic_template_v2,Giữ tên An và mã tham chiếu WS-410 không thay đổi.,413.962,0.8182,70.989,2,2
V2_EN_VI_071,en,vi,operations,short,Package QA-204 will arrive in Đà Nẵng on thứ Tư.,Kiện hàng QA-204 sẽ đến Đà Nẵng vào thứ Tư.,QA-204 | Đà Nẵng | thứ Tư,deterministic_template_v2,Gói QA-204 sẽ đến Đà Nẵng vào thứ tư.,419.87,0.8571,84.8,3,3
V2_EN_VI_072,en,vi,business,short,The technical meeting starts at 10:30 in room D410.,Cuộc họp kỹ thuật bắt đầu lúc 10:30 tại phòng D410.,10:30 | D410,deterministic_template_v2,Cuộc họp kỹ thuật bắt đầu lúc 10:30 ở phòng D410.,389.72,0.9167,90.384,2,2
V2_EN_VI_073,en,vi,technology,short,Please restart the server after installing the update.,Vui lòng khởi động lại máy chủ sau khi cài đặt bản cập nhật.,,deterministic_template_v2,Vui lòng khởi động lại máy chủ sau khi cài đặt bản cập nhật.,457.204,1.0,100.0,0,0
V2_EN_VI_074,en,vi,security,short,User Minh must change the password within 30 days.,Người dùng Minh phải đổi mật khẩu trong vòng 30 ngày.,Minh | 30,deterministic_template_v2,Người dùng Minh phải thay đổi mật khẩu trong vòng 30 ngày.,343.128,0.9565,92.041,2,2
V2_EN_VI_075,en,vi,travel,medium,The train to Hải Phòng leaves at 17:20 on thứ Ba.,Tàu đi Hải Phòng khởi hành lúc 17:20 vào thứ Ba.,Hải Phòng | 17:20,deterministic_template_v2,Tàu đến Hải Phòng khởi hành lúc 17:20 thứ Ba.,403.433,0.8696,82.268,2,2
V2_EN_VI_076,en,vi,healthcare,short,Take 56 tablets with water after breakfast.,Uống 56 viên thuốc với nước sau bữa sáng.,56,deterministic_template_v2,Uống 56 viên với nước sau bữa sáng.,339.153,0.9412,86.624,1,1
V2_EN_VI_077,en,vi,education,short,The final exam is scheduled for 09:15 on thứ Sáu.,Kỳ thi cuối kỳ được tổ chức lúc 09:15 vào thứ Sáu.,09:15 | thứ Sáu,deterministic_template_v2,Bài thi cuối cùng được lên lịch vào lúc 09:15 thứ Sáu.,461.28,0.6923,58.676,2,2
V2_EN_VI_078,en,vi,finance,short,Invoice 75 has an outstanding balance of 350.75 dollars.,Hóa đơn 75 còn số dư chưa thanh toán là 350.75 đô la.,75 | 350.75,deterministic_template_v2,"Hóa đơn 75 có số dư 350,75 đô la.",418.033,0.75,53.755,1,2
V2_EN_VI_079,en,vi,support,short,The application will reconnect automatically after 2 seconds.,Ứng dụng sẽ tự động kết nối lại sau 2 giây.,2,deterministic_template_v2,Ứng dụng sẽ tự động kết nối lại sau 2 giây.,357.223,1.0,100.0,1,1
V2_EN_VI_080,en,vi,translation,short,Keep the name An and reference code WS-410 unchanged.,Giữ nguyên tên An và mã tham chiếu WS-410.,An | WS-410,deterministic_template_v2,Giữ tên An và mã tham chiếu WS-410 không thay đổi.,414.974,0.8182,70.989,2,2
V2_EN_VI_081,en,vi,operations,short,Package QA-204 will arrive in Đà Nẵng on thứ Năm.,Kiện hàng QA-204 sẽ đến Đà Nẵng vào thứ Năm.,QA-204 | Đà Nẵng | thứ Năm,deterministic_template_v2,Gói QA-204 sẽ đến Đà Nẵng vào thứ năm.,646.758,0.8571,85.198,3,3
V2_EN_VI_082,en,vi,business,short,The technical meeting starts at 08:00 in room D410.,Cuộc họp kỹ thuật bắt đầu lúc 08:00 tại phòng D410.,08:00 | D410,deterministic_template_v2,Cuộc họp kỹ thuật bắt đầu lúc 8 giờ trong phòng D410.,428.061,0.75,76.207,1,2
V2_EN_VI_083,en,vi,technology,short,Please restart the server after installing the update.,Vui lòng khởi động lại máy chủ sau khi cài đặt bản cập nhật.,,deterministic_template_v2,Vui lòng khởi động lại máy chủ sau khi cài đặt bản cập nhật.,415.495,1.0,100.0,0,0
V2_EN_VI_084,en,vi,security,short,User Minh must change the password within 17 days.,Người dùng Minh phải đổi mật khẩu trong vòng 17 ngày.,Minh | 17,deterministic_template_v2,Người dùng Minh phải thay đổi mật khẩu trong vòng 17 ngày.,370.846,0.9565,92.041,2,2
V2_EN_VI_085,en,vi,travel,medium,The train to Hải Phòng leaves at 13:45 on thứ Tư.,Tàu đi Hải Phòng khởi hành lúc 13:45 vào thứ Tư.,Hải Phòng | 13:45,deterministic_template_v2,Tàu đến Hải Phòng khởi hành lúc 13:45 thứ Tư.,387.557,0.8696,82.268,2,2
V2_EN_VI_086,en,vi,healthcare,short,Take 25 tablets with water after breakfast.,Uống 25 viên thuốc với nước sau bữa sáng.,25,deterministic_template_v2,Uống 25 viên với nước sau bữa sáng.,317.247,0.9412,86.624,1,1
V2_EN_VI_087,en,vi,education,medium,The final exam is scheduled for 17:20 on ngày 15 tháng 9.,Kỳ thi cuối kỳ được tổ chức lúc 17:20 vào ngày 15 tháng 9.,17:20 | ngày 15 tháng 9,deterministic_template_v2,Bài thi cuối cùng được lên lịch vào 17:20 ngày 15 tháng 9.,453.914,0.6897,60.177,2,2
V2_EN_VI_088,en,vi,finance,short,Invoice 42 has an outstanding balance of 350.75 dollars.,Hóa đơn 42 còn số dư chưa thanh toán là 350.75 đô la.,42 | 350.75,deterministic_template_v2,"Hóa đơn 42 có số dư 350,75 đô la.",352.319,0.75,53.755,1,2
V2_EN_VI_089,en,vi,support,short,The application will reconnect automatically after 56 seconds.,Ứng dụng sẽ tự động kết nối lại sau 56 giây.,56,deterministic_template_v2,Ứng dụng sẽ tự động kết nối lại sau 56 giây.,463.232,1.0,100.0,1,1
V2_EN_VI_090,en,vi,translation,short,Keep the name An and reference code WS-410 unchanged.,Giữ nguyên tên An và mã tham chiếu WS-410.,An | WS-410,deterministic_template_v2,Giữ tên An và mã tham chiếu WS-410 không thay đổi.,371.46,0.8182,70.989,2,2
V2_EN_VI_091,en,vi,operations,short,Package QA-204 will arrive in Đà Nẵng on thứ Sáu.,Kiện hàng QA-204 sẽ đến Đà Nẵng vào thứ Sáu.,QA-204 | Đà Nẵng | thứ Sáu,deterministic_template_v2,Gói QA-204 sẽ đến Đà Nẵng vào thứ Sáu.,444.105,0.8571,85.198,3,3
V2_EN_VI_092,en,vi,business,short,The technical meeting starts at 15:00 in room D410.,Cuộc họp kỹ thuật bắt đầu lúc 15:00 tại phòng D410.,15:00 | D410,deterministic_template_v2,Cuộc họp kỹ thuật bắt đầu lúc 15:00 tại phòng D410.,347.025,1.0,100.0,2,2
V2_EN_VI_093,en,vi,technology,short,Please restart the server after installing the update.,Vui lòng khởi động lại máy chủ sau khi cài đặt bản cập nhật.,,deterministic_template_v2,Vui lòng khởi động lại máy chủ sau khi cài đặt bản cập nhật.,400.153,1.0,100.0,0,0
V2_EN_VI_094,en,vi,security,short,User Minh must change the password within 5 days.,Người dùng Minh phải đổi mật khẩu trong vòng 5 ngày.,Minh | 5,deterministic_template_v2,Người dùng Minh phải thay đổi mật khẩu trong vòng 5 ngày.,469.711,0.9565,91.886,2,2
V2_EN_VI_095,en,vi,travel,medium,The train to Hải Phòng leaves at 09:15 on thứ Năm.,Tàu đi Hải Phòng khởi hành lúc 09:15 vào thứ Năm.,Hải Phòng | 09:15,deterministic_template_v2,Tàu đến Hải Phòng khởi hành lúc 09:15 vào thứ Năm.,590.088,0.9167,91.346,2,2
V2_EN_VI_096,en,vi,healthcare,short,Take 12 tablets with water after breakfast.,Uống 12 viên thuốc với nước sau bữa sáng.,12,deterministic_template_v2,Uống 12 viên với nước sau bữa sáng.,326.275,0.9412,86.624,1,1
V2_EN_VI_097,en,vi,education,medium,The final exam is scheduled for 13:45 on ngày 24 tháng 9.,Kỳ thi cuối kỳ được tổ chức lúc 13:45 vào ngày 24 tháng 9.,13:45 | ngày 24 tháng 9,deterministic_template_v2,Bài thi cuối cùng được lên lịch vào lúc 13:45 ngày 24 tháng 9.,374.105,0.7333,64.5,2,2
V2_EN_VI_098,en,vi,finance,short,Invoice 21 has an outstanding balance of 350.75 dollars.,Hóa đơn 21 còn số dư chưa thanh toán là 350.75 đô la.,21 | 350.75,deterministic_template_v2,"Hóa đơn 21 có số dư 350,75 đô la.",395.075,0.75,53.755,1,2
V2_EN_VI_099,en,vi,support,short,The application will reconnect automatically after 25 seconds.,Ứng dụng sẽ tự động kết nối lại sau 25 giây.,25,deterministic_template_v2,Ứng dụng sẽ tự động kết nối lại sau 25 giây.,368.615,1.0,100.0,1,1
V2_EN_VI_100,en,vi,translation,short,Keep the name An and reference code WS-410 unchanged.,Giữ nguyên tên An và mã tham chiếu WS-410.,An | WS-410,deterministic_template_v2,Giữ tên An và mã tham chiếu WS-410 không thay đổi.,493.441,0.8182,70.989,2,2
V2_EN_VI_101,en,vi,operations,medium,Package QA-204 will arrive in Đà Nẵng on ngày 15 tháng 9.,Kiện hàng QA-204 sẽ đến Đà Nẵng vào ngày 15 tháng 9.,QA-204 | Đà Nẵng | ngày 15 tháng 9,deterministic_template_v2,Gói QA-204 sẽ đến Đà Nẵng vào ngày 15 tháng 9.,542.162,0.88,87.76,3,3
V2_EN_VI_102,en,vi,business,short,The technical meeting starts at 10:30 in room D410.,Cuộc họp kỹ thuật bắt đầu lúc 10:30 tại phòng D410.,10:30 | D410,deterministic_template_v2,Cuộc họp kỹ thuật bắt đầu lúc 10:30 ở phòng D410.,370.844,0.9167,90.384,2,2
V2_EN_VI_103,en,vi,technology,short,Please restart the server after installing the update.,Vui lòng khởi động lại máy chủ sau khi cài đặt bản cập nhật.,,deterministic_template_v2,Vui lòng khởi động lại máy chủ sau khi cài đặt bản cập nhật.,461.192,1.0,100.0,0,0
V2_EN_VI_104,en,vi,security,short,User Minh must change the password within 75 days.,Người dùng Minh phải đổi mật khẩu trong vòng 75 ngày.,Minh | 75,deterministic_template_v2,Người dùng Minh phải thay đổi mật khẩu trong vòng 75 ngày.,377.123,0.9565,92.041,2,2
V2_EN_VI_105,en,vi,travel,medium,The train to Hải Phòng leaves at 17:20 on thứ Sáu.,Tàu đi Hải Phòng khởi hành lúc 17:20 vào thứ Sáu.,Hải Phòng | 17:20,deterministic_template_v2,Tàu đến Hải Phòng khởi hành lúc 17:20 trên thứ Sáu.,407.582,0.8333,78.661,2,2
V2_EN_VI_106,en,vi,healthcare,short,Take 3 tablets with water after breakfast.,Uống 3 viên thuốc với nước sau bữa sáng.,3,deterministic_template_v2,Uống 3 viên với nước sau bữa sáng.,266.654,0.9412,86.228,1,1
V2_EN_VI_107,en,vi,education,short,The final exam is scheduled for 09:15 on thứ Hai.,Kỳ thi cuối kỳ được tổ chức lúc 09:15 vào thứ Hai.,09:15 | thứ Hai,deterministic_template_v2,Bài thi cuối cùng được lên lịch vào lúc 09:15 thứ Hai.,342.867,0.6923,58.676,2,2
V2_EN_VI_108,en,vi,finance,short,Invoice 8 has an outstanding balance of 350.75 dollars.,Hóa đơn 8 còn số dư chưa thanh toán là 350.75 đô la.,8 | 350.75,deterministic_template_v2,"Hóa đơn 8 có số dư 350,75 đô la.",421.237,0.75,52.568,1,2
V2_EN_VI_109,en,vi,support,short,The application will reconnect automatically after 12 seconds.,Ứng dụng sẽ tự động kết nối lại sau 12 giây.,12,deterministic_template_v2,Ứng dụng sẽ tự động kết nối lại sau 12 giây.,744.991,1.0,100.0,1,1
V2_EN_VI_110,en,vi,translation,short,Keep the name An and reference code WS-410 unchanged.,Giữ nguyên tên An và mã tham chiếu WS-410.,An | WS-410,deterministic_template_v2,Giữ tên An và mã tham chiếu WS-410 không thay đổi.,501.532,0.8182,70.989,2,2
V2_EN_VI_111,en,vi,operations,medium,Package QA-204 will arrive in Đà Nẵng on ngày 24 tháng 9.,Kiện hàng QA-204 sẽ đến Đà Nẵng vào ngày 24 tháng 9.,QA-204 | Đà Nẵng | ngày 24 tháng 9,deterministic_template_v2,Gói QA-204 sẽ đến Đà Nẵng vào ngày 24 tháng 9.,454.947,0.88,87.76,3,3
V2_EN_VI_112,en,vi,business,short,The technical meeting starts at 08:00 in room D410.,Cuộc họp kỹ thuật bắt đầu lúc 08:00 tại phòng D410.,08:00 | D410,deterministic_template_v2,Cuộc họp kỹ thuật bắt đầu lúc 8 giờ trong phòng D410.,482.835,0.75,76.207,1,2
V2_EN_VI_113,en,vi,technology,short,Please restart the server after installing the update.,Vui lòng khởi động lại máy chủ sau khi cài đặt bản cập nhật.,,deterministic_template_v2,Vui lòng khởi động lại máy chủ sau khi cài đặt bản cập nhật.,411.866,1.0,100.0,0,0
V2_EN_VI_114,en,vi,security,short,User Minh must change the password within 42 days.,Người dùng Minh phải đổi mật khẩu trong vòng 42 ngày.,Minh | 42,deterministic_template_v2,Người dùng Minh phải thay đổi mật khẩu trong vòng 42 ngày.,332.336,0.9565,92.041,2,2
V2_EN_VI_115,en,vi,travel,medium,The train to Hải Phòng leaves at 13:45 on ngày 15 tháng 9.,Tàu đi Hải Phòng khởi hành lúc 13:45 vào ngày 15 tháng 9.,Hải Phòng | 13:45,deterministic_template_v2,Tàu đến Hải Phòng khởi hành lúc 13:45 ngày 15 tháng 9.,390.881,0.8889,85.326,2,2
V2_EN_VI_116,en,vi,healthcare,short,Take 64 tablets with water after breakfast.,Uống 64 viên thuốc với nước sau bữa sáng.,64,deterministic_template_v2,Uống 64 viên với nước sau bữa sáng.,314.219,0.9412,86.624,1,1
V2_EN_VI_117,en,vi,education,short,The final exam is scheduled for 17:20 on thứ Ba.,Kỳ thi cuối kỳ được tổ chức lúc 17:20 vào thứ Ba.,17:20 | thứ Ba,deterministic_template_v2,Bài thi cuối cùng được lên lịch vào 17:20 thứ Ba.,362.598,0.64,52.347,2,2
V2_EN_VI_118,en,vi,finance,short,Invoice 2 has an outstanding balance of 350.75 dollars.,Hóa đơn 2 còn số dư chưa thanh toán là 350.75 đô la.,2 | 350.75,deterministic_template_v2,"Hóa đơn 2 có số dư 350,75 đô la.",326.273,0.75,52.568,1,2
V2_EN_VI_119,en,vi,support,short,The application will reconnect automatically after 3 seconds.,Ứng dụng sẽ tự động kết nối lại sau 3 giây.,3,deterministic_template_v2,Ứng dụng sẽ tự động kết nối lại sau 3 giây.,424.575,1.0,100.0,1,1
V2_EN_VI_120,en,vi,translation,short,Keep the name An and reference code WS-410 unchanged.,Giữ nguyên tên An và mã tham chiếu WS-410.,An | WS-410,deterministic_template_v2,Giữ tên An và mã tham chiếu WS-410 không thay đổi.,374.793,0.8182,70.989,2,2
V2_EN_VI_121,en,vi,operations,short,Package QA-204 will arrive in Đà Nẵng on thứ Hai.,Kiện hàng QA-204 sẽ đến Đà Nẵng vào thứ Hai.,QA-204 | Đà Nẵng | thứ Hai,deterministic_template_v2,Gói QA-204 sẽ đến Đà Nẵng vào thứ Hai.,445.502,0.8571,85.198,3,3
V2_EN_VI_122,en,vi,business,short,The technical meeting starts at 15:00 in room D410.,Cuộc họp kỹ thuật bắt đầu lúc 15:00 tại phòng D410.,15:00 | D410,deterministic_template_v2,Cuộc họp kỹ thuật bắt đầu lúc 15:00 tại phòng D410.,402.623,1.0,100.0,2,2
V2_EN_VI_123,en,vi,technology,short,Please restart the server after installing the update.,Vui lòng khởi động lại máy chủ sau khi cài đặt bản cập nhật.,,deterministic_template_v2,Vui lòng khởi động lại máy chủ sau khi cài đặt bản cập nhật.,569.294,1.0,100.0,0,0
V2_EN_VI_124,en,vi,security,short,User Minh must change the password within 21 days.,Người dùng Minh phải đổi mật khẩu trong vòng 21 ngày.,Minh | 21,deterministic_template_v2,Người dùng Minh phải thay đổi mật khẩu trong vòng 21 ngày.,554.865,0.9565,92.041,2,2
V2_EN_VI_125,en,vi,travel,medium,The train to Hải Phòng leaves at 09:15 on ngày 24 tháng 9.,Tàu đi Hải Phòng khởi hành lúc 09:15 vào ngày 24 tháng 9.,Hải Phòng | 09:15,deterministic_template_v2,Tàu đến Hải Phòng khởi hành lúc 09:15 ngày 24 tháng 9.,497.692,0.8889,85.326,2,2
V2_EN_VI_126,en,vi,healthcare,short,Take 30 tablets with water after breakfast.,Uống 30 viên thuốc với nước sau bữa sáng.,30,deterministic_template_v2,Uống 30 viên với nước sau bữa sáng.,527.74,0.9412,86.624,1,1
V2_EN_VI_127,en,vi,education,short,The final exam is scheduled for 13:45 on thứ Tư.,Kỳ thi cuối kỳ được tổ chức lúc 13:45 vào thứ Tư.,13:45 | thứ Tư,deterministic_template_v2,Bài thi cuối cùng được lên lịch vào lúc 13:45 vào thứ Tư.,607.003,0.6667,62.347,2,2
V2_EN_VI_128,en,vi,finance,short,Invoice 56 has an outstanding balance of 350.75 dollars.,Hóa đơn 56 còn số dư chưa thanh toán là 350.75 đô la.,56 | 350.75,deterministic_template_v2,"Hóa đơn 56 có số dư 350,75 đô la.",518.322,0.75,53.755,1,2
V2_EN_VI_129,en,vi,support,short,The application will reconnect automatically after 64 seconds.,Ứng dụng sẽ tự động kết nối lại sau 64 giây.,64,deterministic_template_v2,Ứng dụng sẽ tự động kết nối lại sau 64 giây.,601.683,1.0,100.0,1,1
V2_EN_VI_130,en,vi,translation,short,Keep the name An and reference code WS-410 unchanged.,Giữ nguyên tên An và mã tham chiếu WS-410.,An | WS-410,deterministic_template_v2,Giữ tên An và mã tham chiếu WS-410 không thay đổi.,678.94,0.8182,70.989,2,2
V2_EN_VI_131,en,vi,operations,short,Package QA-204 will arrive in Đà Nẵng on thứ Ba.,Kiện hàng QA-204 sẽ đến Đà Nẵng vào thứ Ba.,QA-204 | Đà Nẵng | thứ Ba,deterministic_template_v2,Gói QA-204 sẽ đến Đà Nẵng vào thứ Ba.,567.343,0.8571,84.8,3,3
V2_EN_VI_132,en,vi,business,short,The technical meeting starts at 10:30 in room D410.,Cuộc họp kỹ thuật bắt đầu lúc 10:30 tại phòng D410.,10:30 | D410,deterministic_template_v2,Cuộc họp kỹ thuật bắt đầu lúc 10:30 ở phòng D410.,348.702,0.9167,90.384,2,2
V2_EN_VI_133,en,vi,technology,short,Please restart the server after installing the update.,Vui lòng khởi động lại máy chủ sau khi cài đặt bản cập nhật.,,deterministic_template_v2,Vui lòng khởi động lại máy chủ sau khi cài đặt bản cập nhật.,393.856,1.0,100.0,0,0
V2_EN_VI_134,en,vi,security,short,User Minh must change the password within 8 days.,Người dùng Minh phải đổi mật khẩu trong vòng 8 ngày.,Minh | 8,deterministic_template_v2,Người dùng Minh phải thay đổi mật khẩu trong vòng 8 ngày.,324.95,0.9565,91.886,2,2
V2_EN_VI_135,en,vi,travel,medium,The train to Hải Phòng leaves at 17:20 on thứ Hai.,Tàu đi Hải Phòng khởi hành lúc 17:20 vào thứ Hai.,Hải Phòng | 17:20,deterministic_template_v2,Tàu đến Hải Phòng khởi hành lúc 17:20 thứ Hai.,409.021,0.8696,82.67,2,2
V2_EN_VI_136,en,vi,healthcare,short,Take 17 tablets with water after breakfast.,Uống 17 viên thuốc với nước sau bữa sáng.,17,deterministic_template_v2,Uống 17 viên với nước sau bữa sáng.,271.71,0.9412,86.624,1,1
V2_EN_VI_137,en,vi,education,short,The final exam is scheduled for 09:15 on thứ Năm.,Kỳ thi cuối kỳ được tổ chức lúc 09:15 vào thứ Năm.,09:15 | thứ Năm,deterministic_template_v2,Bài thi cuối cùng được lên lịch vào lúc 09:15 vào thứ Năm.,604.342,0.6667,63.086,2,2
V2_EN_VI_138,en,vi,finance,short,Invoice 25 has an outstanding balance of 350.75 dollars.,Hóa đơn 25 còn số dư chưa thanh toán là 350.75 đô la.,25 | 350.75,deterministic_template_v2,"Hóa đơn 25 có số dư 350,75 đô la.",518.458,0.75,53.755,1,2
V2_EN_VI_139,en,vi,support,short,The application will reconnect automatically after 30 seconds.,Ứng dụng sẽ tự động kết nối lại sau 30 giây.,30,deterministic_template_v2,Ứng dụng sẽ tự động kết nối lại sau 30 giây.,427.547,1.0,100.0,1,1
V2_EN_VI_140,en,vi,translation,short,Keep the name An and reference code WS-410 unchanged.,Giữ nguyên tên An và mã tham chiếu WS-410.,An | WS-410,deterministic_template_v2,Giữ tên An và mã tham chiếu WS-410 không thay đổi.,592.948,0.8182,70.989,2,2
V2_EN_VI_141,en,vi,operations,short,Package QA-204 will arrive in Đà Nẵng on thứ Tư.,Kiện hàng QA-204 sẽ đến Đà Nẵng vào thứ Tư.,QA-204 | Đà Nẵng | thứ Tư,deterministic_template_v2,Gói QA-204 sẽ đến Đà Nẵng vào thứ tư.,610.822,0.8571,84.8,3,3
V2_EN_VI_142,en,vi,business,short,The technical meeting starts at 08:00 in room D410.,Cuộc họp kỹ thuật bắt đầu lúc 08:00 tại phòng D410.,08:00 | D410,deterministic_template_v2,Cuộc họp kỹ thuật bắt đầu lúc 8 giờ trong phòng D410.,565.728,0.75,76.207,1,2
V2_EN_VI_143,en,vi,technology,short,Please restart the server after installing the update.,Vui lòng khởi động lại máy chủ sau khi cài đặt bản cập nhật.,,deterministic_template_v2,Vui lòng khởi động lại máy chủ sau khi cài đặt bản cập nhật.,398.376,1.0,100.0,0,0
V2_EN_VI_144,en,vi,security,short,User Minh must change the password within 2 days.,Người dùng Minh phải đổi mật khẩu trong vòng 2 ngày.,Minh | 2,deterministic_template_v2,Người dùng Minh phải thay đổi mật khẩu trong vòng 2 ngày.,557.929,0.9565,91.886,2,2
V2_EN_VI_145,en,vi,travel,medium,The train to Hải Phòng leaves at 13:45 on thứ Ba.,Tàu đi Hải Phòng khởi hành lúc 13:45 vào thứ Ba.,Hải Phòng | 13:45,deterministic_template_v2,Tàu đến Hải Phòng khởi hành lúc 13:45 thứ Ba.,520.248,0.8696,82.268,2,2
V2_EN_VI_146,en,vi,healthcare,short,Take 5 tablets with water after breakfast.,Uống 5 viên thuốc với nước sau bữa sáng.,5,deterministic_template_v2,Uống 5 viên với nước sau bữa sáng.,430.207,0.9412,86.228,1,1
V2_EN_VI_147,en,vi,education,short,The final exam is scheduled for 17:20 on thứ Sáu.,Kỳ thi cuối kỳ được tổ chức lúc 17:20 vào thứ Sáu.,17:20 | thứ Sáu,deterministic_template_v2,Bài thi cuối cùng được lên lịch vào 17:20 thứ Sáu.,516.035,0.64,53.366,2,2
V2_EN_VI_148,en,vi,finance,short,Invoice 12 has an outstanding balance of 350.75 dollars.,Hóa đơn 12 còn số dư chưa thanh toán là 350.75 đô la.,12 | 350.75,deterministic_template_v2,"Hóa đơn 12 có số dư 350,75 đô la.",445.668,0.75,53.755,1,2
V2_EN_VI_149,en,vi,support,short,The application will reconnect automatically after 17 seconds.,Ứng dụng sẽ tự động kết nối lại sau 17 giây.,17,deterministic_template_v2,Ứng dụng sẽ tự động kết nối lại sau 17 giây.,523.338,1.0,100.0,1,1
V2_EN_VI_150,en,vi,translation,short,Keep the name An and reference code WS-410 unchanged.,Giữ nguyên tên An và mã tham chiếu WS-410.,An | WS-410,deterministic_template_v2,Giữ tên An và mã tham chiếu WS-410 không thay đổi.,648.737,0.8182,70.989,2,2
V2_EN_VI_151,en,vi,operations,short,Package QA-204 will arrive in Đà Nẵng on thứ Năm.,Kiện hàng QA-204 sẽ đến Đà Nẵng vào thứ Năm.,QA-204 | Đà Nẵng | thứ Năm,deterministic_template_v2,Gói QA-204 sẽ đến Đà Nẵng vào thứ năm.,853.716,0.8571,85.198,3,3
V2_EN_VI_152,en,vi,business,short,The technical meeting starts at 15:00 in room D410.,Cuộc họp kỹ thuật bắt đầu lúc 15:00 tại phòng D410.,15:00 | D410,deterministic_template_v2,Cuộc họp kỹ thuật bắt đầu lúc 15:00 tại phòng D410.,831.281,1.0,100.0,2,2
V2_EN_VI_153,en,vi,technology,short,Please restart the server after installing the update.,Vui lòng khởi động lại máy chủ sau khi cài đặt bản cập nhật.,,deterministic_template_v2,Vui lòng khởi động lại máy chủ sau khi cài đặt bản cập nhật.,796.053,1.0,100.0,0,0
V2_EN_VI_154,en,vi,security,short,User Minh must change the password within 56 days.,Người dùng Minh phải đổi mật khẩu trong vòng 56 ngày.,Minh | 56,deterministic_template_v2,Người dùng Minh phải thay đổi mật khẩu trong vòng 56 ngày.,650.682,0.9565,92.041,2,2
V2_EN_VI_155,en,vi,travel,medium,The train to Hải Phòng leaves at 09:15 on thứ Tư.,Tàu đi Hải Phòng khởi hành lúc 09:15 vào thứ Tư.,Hải Phòng | 09:15,deterministic_template_v2,Tàu đến Hải Phòng khởi hành lúc 09:15 thứ Tư.,660.664,0.8696,82.268,2,2
V2_EN_VI_156,en,vi,healthcare,short,Take 75 tablets with water after breakfast.,Uống 75 viên thuốc với nước sau bữa sáng.,75,deterministic_template_v2,Uống 75 viên với nước sau bữa sáng.,527.033,0.9412,86.624,1,1
V2_EN_VI_157,en,vi,education,medium,The final exam is scheduled for 13:45 on ngày 15 tháng 9.,Kỳ thi cuối kỳ được tổ chức lúc 13:45 vào ngày 15 tháng 9.,13:45 | ngày 15 tháng 9,deterministic_template_v2,Bài thi cuối cùng được lên lịch vào lúc 13:45 ngày 15 tháng 9.,656.509,0.7333,64.5,2,2
V2_EN_VI_158,en,vi,finance,short,Invoice 3 has an outstanding balance of 350.75 dollars.,Hóa đơn 3 còn số dư chưa thanh toán là 350.75 đô la.,3 | 350.75,deterministic_template_v2,"Hóa đơn 3 có số dư 350,75 đô la.",499.881,0.75,52.568,1,2
V2_EN_VI_159,en,vi,support,short,The application will reconnect automatically after 5 seconds.,Ứng dụng sẽ tự động kết nối lại sau 5 giây.,5,deterministic_template_v2,Ứng dụng sẽ tự động kết nối lại sau 5 giây.,365.276,1.0,100.0,1,1
V2_EN_VI_160,en,vi,translation,short,Keep the name An and reference code WS-410 unchanged.,Giữ nguyên tên An và mã tham chiếu WS-410.,An | WS-410,deterministic_template_v2,Giữ tên An và mã tham chiếu WS-410 không thay đổi.,515.504,0.8182,70.989,2,2
V2_EN_VI_161,en,vi,operations,short,Package QA-204 will arrive in Đà Nẵng on thứ Sáu.,Kiện hàng QA-204 sẽ đến Đà Nẵng vào thứ Sáu.,QA-204 | Đà Nẵng | thứ Sáu,deterministic_template_v2,Gói QA-204 sẽ đến Đà Nẵng vào thứ Sáu.,760.098,0.8571,85.198,3,3
V2_EN_VI_162,en,vi,business,short,The technical meeting starts at 10:30 in room D410.,Cuộc họp kỹ thuật bắt đầu lúc 10:30 tại phòng D410.,10:30 | D410,deterministic_template_v2,Cuộc họp kỹ thuật bắt đầu lúc 10:30 ở phòng D410.,804.765,0.9167,90.384,2,2
V2_EN_VI_163,en,vi,technology,short,Please restart the server after installing the update.,Vui lòng khởi động lại máy chủ sau khi cài đặt bản cập nhật.,,deterministic_template_v2,Vui lòng khởi động lại máy chủ sau khi cài đặt bản cập nhật.,755.663,1.0,100.0,0,0
V2_EN_VI_164,en,vi,security,short,User Minh must change the password within 25 days.,Người dùng Minh phải đổi mật khẩu trong vòng 25 ngày.,Minh | 25,deterministic_template_v2,Người dùng Minh phải thay đổi mật khẩu trong vòng 25 ngày.,720.857,0.9565,92.041,2,2
V2_EN_VI_165,en,vi,travel,medium,The train to Hải Phòng leaves at 17:20 on thứ Năm.,Tàu đi Hải Phòng khởi hành lúc 17:20 vào thứ Năm.,Hải Phòng | 17:20,deterministic_template_v2,Tàu đến Hải Phòng khởi hành lúc 17:20 vào thứ Năm.,610.168,0.9167,91.346,2,2
V2_EN_VI_166,en,vi,healthcare,short,Take 42 tablets with water after breakfast.,Uống 42 viên thuốc với nước sau bữa sáng.,42,deterministic_template_v2,Uống 42 viên với nước sau bữa sáng.,333.674,0.9412,86.624,1,1
V2_EN_VI_167,en,vi,education,medium,The final exam is scheduled for 09:15 on ngày 24 tháng 9.,Kỳ thi cuối kỳ được tổ chức lúc 09:15 vào ngày 24 tháng 9.,09:15 | ngày 24 tháng 9,deterministic_template_v2,Bài thi cuối cùng được lên lịch vào lúc 09:15 ngày 24 tháng 9.,507.259,0.7333,64.5,2,2
V2_EN_VI_168,en,vi,finance,short,Invoice 64 has an outstanding balance of 350.75 dollars.,Hóa đơn 64 còn số dư chưa thanh toán là 350.75 đô la.,64 | 350.75,deterministic_template_v2,"Hóa đơn 64 có số dư 350,75 đô la.",429.748,0.75,53.755,1,2
V2_EN_VI_169,en,vi,support,short,The application will reconnect automatically after 75 seconds.,Ứng dụng sẽ tự động kết nối lại sau 75 giây.,75,deterministic_template_v2,Ứng dụng sẽ tự động kết nối lại sau 75 giây.,400.188,1.0,100.0,1,1
V2_EN_VI_170,en,vi,translation,short,Keep the name An and reference code WS-410 unchanged.,Giữ nguyên tên An và mã tham chiếu WS-410.,An | WS-410,deterministic_template_v2,Giữ tên An và mã tham chiếu WS-410 không thay đổi.,487.511,0.8182,70.989,2,2
V2_EN_VI_171,en,vi,operations,medium,Package QA-204 will arrive in Đà Nẵng on ngày 15 tháng 9.,Kiện hàng QA-204 sẽ đến Đà Nẵng vào ngày 15 tháng 9.,QA-204 | Đà Nẵng | ngày 15 tháng 9,deterministic_template_v2,Gói QA-204 sẽ đến Đà Nẵng vào ngày 15 tháng 9.,715.509,0.88,87.76,3,3
V2_EN_VI_172,en,vi,business,short,The technical meeting starts at 08:00 in room D410.,Cuộc họp kỹ thuật bắt đầu lúc 08:00 tại phòng D410.,08:00 | D410,deterministic_template_v2,Cuộc họp kỹ thuật bắt đầu lúc 8 giờ trong phòng D410.,763.131,0.75,76.207,1,2
V2_EN_VI_173,en,vi,technology,short,Please restart the server after installing the update.,Vui lòng khởi động lại máy chủ sau khi cài đặt bản cập nhật.,,deterministic_template_v2,Vui lòng khởi động lại máy chủ sau khi cài đặt bản cập nhật.,748.898,1.0,100.0,0,0
V2_EN_VI_174,en,vi,security,short,User Minh must change the password within 12 days.,Người dùng Minh phải đổi mật khẩu trong vòng 12 ngày.,Minh | 12,deterministic_template_v2,Người dùng Minh phải thay đổi mật khẩu trong vòng 12 ngày.,648.933,0.9565,92.041,2,2
V2_EN_VI_175,en,vi,travel,medium,The train to Hải Phòng leaves at 13:45 on thứ Sáu.,Tàu đi Hải Phòng khởi hành lúc 13:45 vào thứ Sáu.,Hải Phòng | 13:45,deterministic_template_v2,Tàu đến Hải Phòng khởi hành lúc 13:45 trên thứ Sáu.,766.501,0.8333,78.661,2,2
V2_EN_VI_176,en,vi,healthcare,short,Take 21 tablets with water after breakfast.,Uống 21 viên thuốc với nước sau bữa sáng.,21,deterministic_template_v2,Uống 21 viên với nước sau bữa sáng.,322.758,0.9412,86.624,1,1
V2_EN_VI_177,en,vi,education,short,The final exam is scheduled for 17:20 on thứ Hai.,Kỳ thi cuối kỳ được tổ chức lúc 17:20 vào thứ Hai.,17:20 | thứ Hai,deterministic_template_v2,Bài thi cuối cùng được lên lịch vào 17:20 thứ Hai.,355.824,0.64,53.366,2,2
V2_EN_VI_178,en,vi,finance,short,Invoice 30 has an outstanding balance of 350.75 dollars.,Hóa đơn 30 còn số dư chưa thanh toán là 350.75 đô la.,30 | 350.75,deterministic_template_v2,"Hóa đơn 30 có số dư 350,75 đô la.",419.127,0.75,53.755,1,2
V2_EN_VI_179,en,vi,support,short,The application will reconnect automatically after 42 seconds.,Ứng dụng sẽ tự động kết nối lại sau 42 giây.,42,deterministic_template_v2,Ứng dụng sẽ tự động kết nối lại sau 42 giây.,343.845,1.0,100.0,1,1
V2_EN_VI_180,en,vi,translation,short,Keep the name An and reference code WS-410 unchanged.,Giữ nguyên tên An và mã tham chiếu WS-410.,An | WS-410,deterministic_template_v2,Giữ tên An và mã tham chiếu WS-410 không thay đổi.,402.853,0.8182,70.989,2,2
V2_EN_VI_181,en,vi,operations,medium,Package QA-204 will arrive in Đà Nẵng on ngày 24 tháng 9.,Kiện hàng QA-204 sẽ đến Đà Nẵng vào ngày 24 tháng 9.,QA-204 | Đà Nẵng | ngày 24 tháng 9,deterministic_template_v2,Gói QA-204 sẽ đến Đà Nẵng vào ngày 24 tháng 9.,513.669,0.88,87.76,3,3
V2_EN_VI_182,en,vi,business,short,The technical meeting starts at 15:00 in room D410.,Cuộc họp kỹ thuật bắt đầu lúc 15:00 tại phòng D410.,15:00 | D410,deterministic_template_v2,Cuộc họp kỹ thuật bắt đầu lúc 15:00 tại phòng D410.,352.611,1.0,100.0,2,2
V2_EN_VI_183,en,vi,technology,short,Please restart the server after installing the update.,Vui lòng khởi động lại máy chủ sau khi cài đặt bản cập nhật.,,deterministic_template_v2,Vui lòng khởi động lại máy chủ sau khi cài đặt bản cập nhật.,521.62,1.0,100.0,0,0
V2_EN_VI_184,en,vi,security,short,User Minh must change the password within 3 days.,Người dùng Minh phải đổi mật khẩu trong vòng 3 ngày.,Minh | 3,deterministic_template_v2,Người dùng Minh phải thay đổi mật khẩu trong vòng 3 ngày.,506.531,0.9565,91.886,2,2
V2_EN_VI_185,en,vi,travel,medium,The train to Hải Phòng leaves at 09:15 on ngày 15 tháng 9.,Tàu đi Hải Phòng khởi hành lúc 09:15 vào ngày 15 tháng 9.,Hải Phòng | 09:15,deterministic_template_v2,Tàu đến Hải Phòng khởi hành lúc 09:15 ngày 15 tháng 9.,451.246,0.8889,85.326,2,2
V2_EN_VI_186,en,vi,healthcare,short,Take 8 tablets with water after breakfast.,Uống 8 viên thuốc với nước sau bữa sáng.,8,deterministic_template_v2,Uống 8 viên với nước sau bữa sáng.,337.153,0.9412,86.228,1,1
V2_EN_VI_187,en,vi,education,short,The final exam is scheduled for 13:45 on thứ Ba.,Kỳ thi cuối kỳ được tổ chức lúc 13:45 vào thứ Ba.,13:45 | thứ Ba,deterministic_template_v2,Bài thi cuối cùng được lên lịch vào lúc 13:45 ngày thứ Ba.,391.897,0.6667,55.002,2,2
V2_EN_VI_188,en,vi,finance,short,Invoice 17 has an outstanding balance of 350.75 dollars.,Hóa đơn 17 còn số dư chưa thanh toán là 350.75 đô la.,17 | 350.75,deterministic_template_v2,"Hóa đơn 17 có số dư 350,75 đô la.",422.978,0.75,53.755,1,2
V2_EN_VI_189,en,vi,support,short,The application will reconnect automatically after 21 seconds.,Ứng dụng sẽ tự động kết nối lại sau 21 giây.,21,deterministic_template_v2,Ứng dụng sẽ tự động kết nối lại sau 21 giây.,365.365,1.0,100.0,1,1
V2_EN_VI_190,en,vi,translation,short,Keep the name An and reference code WS-410 unchanged.,Giữ nguyên tên An và mã tham chiếu WS-410.,An | WS-410,deterministic_template_v2,Giữ tên An và mã tham chiếu WS-410 không thay đổi.,493.557,0.8182,70.989,2,2
V2_EN_VI_191,en,vi,operations,short,Package QA-204 will arrive in Đà Nẵng on thứ Hai.,Kiện hàng QA-204 sẽ đến Đà Nẵng vào thứ Hai.,QA-204 | Đà Nẵng | thứ Hai,deterministic_template_v2,Gói QA-204 sẽ đến Đà Nẵng vào thứ Hai.,616.489,0.8571,85.198,3,3
V2_EN_VI_192,en,vi,business,short,The technical meeting starts at 10:30 in room D410.,Cuộc họp kỹ thuật bắt đầu lúc 10:30 tại phòng D410.,10:30 | D410,deterministic_template_v2,Cuộc họp kỹ thuật bắt đầu lúc 10:30 ở phòng D410.,466.279,0.9167,90.384,2,2
V2_EN_VI_193,en,vi,technology,short,Please restart the server after installing the update.,Vui lòng khởi động lại máy chủ sau khi cài đặt bản cập nhật.,,deterministic_template_v2,Vui lòng khởi động lại máy chủ sau khi cài đặt bản cập nhật.,452.08,1.0,100.0,0,0
V2_EN_VI_194,en,vi,security,short,User Minh must change the password within 64 days.,Người dùng Minh phải đổi mật khẩu trong vòng 64 ngày.,Minh | 64,deterministic_template_v2,Người dùng Minh phải thay đổi mật khẩu trong vòng 64 ngày.,503.757,0.9565,92.041,2,2
V2_EN_VI_195,en,vi,travel,medium,The train to Hải Phòng leaves at 17:20 on ngày 24 tháng 9.,Tàu đi Hải Phòng khởi hành lúc 17:20 vào ngày 24 tháng 9.,Hải Phòng | 17:20,deterministic_template_v2,Tàu đến Hải Phòng khởi hành lúc 17:20 ngày 24 tháng 9.,577.59,0.8889,85.326,2,2
V2_EN_VI_196,en,vi,healthcare,short,Take 2 tablets with water after breakfast.,Uống 2 viên thuốc với nước sau bữa sáng.,2,deterministic_template_v2,Uống 2 viên với nước sau bữa sáng.,453.301,0.9412,86.228,1,1
V2_EN_VI_197,en,vi,education,short,The final exam is scheduled for 09:15 on thứ Tư.,Kỳ thi cuối kỳ được tổ chức lúc 09:15 vào thứ Tư.,09:15 | thứ Tư,deterministic_template_v2,Bài thi cuối cùng được lên lịch vào lúc 09:15 vào thứ Tư.,606.266,0.6667,62.347,2,2
V2_EN_VI_198,en,vi,finance,short,Invoice 5 has an outstanding balance of 350.75 dollars.,Hóa đơn 5 còn số dư chưa thanh toán là 350.75 đô la.,5 | 350.75,deterministic_template_v2,"Hóa đơn 5 có số dư 350,75 đô la.",518.291,0.75,52.568,1,2
V2_EN_VI_199,en,vi,support,short,The application will reconnect automatically after 8 seconds.,Ứng dụng sẽ tự động kết nối lại sau 8 giây.,8,deterministic_template_v2,Ứng dụng sẽ tự động kết nối lại sau 8 giây.,605.442,1.0,100.0,1,1
V2_EN_VI_200,en,vi,translation,short,Keep the name An and reference code WS-410 unchanged.,Giữ nguyên tên An và mã tham chiếu WS-410.,An | WS-410,deterministic_template_v2,Giữ tên An và mã tham chiếu WS-410 không thay đổi.,442.025,0.8182,70.989,2,2
V2_EN_VI_201,en,vi,operations,short,Package QA-204 will arrive in Đà Nẵng on thứ Ba.,Kiện hàng QA-204 sẽ đến Đà Nẵng vào thứ Ba.,QA-204 | Đà Nẵng | thứ Ba,deterministic_template_v2,Gói QA-204 sẽ đến Đà Nẵng vào thứ Ba.,731.319,0.8571,84.8,3,3
V2_EN_VI_202,en,vi,business,short,The technical meeting starts at 08:00 in room D410.,Cuộc họp kỹ thuật bắt đầu lúc 08:00 tại phòng D410.,08:00 | D410,deterministic_template_v2,Cuộc họp kỹ thuật bắt đầu lúc 8 giờ trong phòng D410.,672.004,0.75,76.207,1,2
V2_EN_VI_203,en,vi,technology,short,Please restart the server after installing the update.,Vui lòng khởi động lại máy chủ sau khi cài đặt bản cập nhật.,,deterministic_template_v2,Vui lòng khởi động lại máy chủ sau khi cài đặt bản cập nhật.,657.805,1.0,100.0,0,0
V2_EN_VI_204,en,vi,security,short,User Minh must change the password within 30 days.,Người dùng Minh phải đổi mật khẩu trong vòng 30 ngày.,Minh | 30,deterministic_template_v2,Người dùng Minh phải thay đổi mật khẩu trong vòng 30 ngày.,592.126,0.9565,92.041,2,2
V2_EN_VI_205,en,vi,travel,medium,The train to Hải Phòng leaves at 13:45 on thứ Hai.,Tàu đi Hải Phòng khởi hành lúc 13:45 vào thứ Hai.,Hải Phòng | 13:45,deterministic_template_v2,Tàu đến Hải Phòng khởi hành lúc 13:45 thứ Hai.,555.06,0.8696,82.67,2,2
V2_EN_VI_206,en,vi,healthcare,short,Take 56 tablets with water after breakfast.,Uống 56 viên thuốc với nước sau bữa sáng.,56,deterministic_template_v2,Uống 56 viên với nước sau bữa sáng.,465.817,0.9412,86.624,1,1
V2_EN_VI_207,en,vi,education,short,The final exam is scheduled for 17:20 on thứ Năm.,Kỳ thi cuối kỳ được tổ chức lúc 17:20 vào thứ Năm.,17:20 | thứ Năm,deterministic_template_v2,Bài thi cuối cùng được lên lịch vào 17:20 vào thứ Năm.,595.179,0.6154,58.501,2,2
V2_EN_VI_208,en,vi,finance,short,Invoice 75 has an outstanding balance of 350.75 dollars.,Hóa đơn 75 còn số dư chưa thanh toán là 350.75 đô la.,75 | 350.75,deterministic_template_v2,"Hóa đơn 75 có số dư 350,75 đô la.",507.488,0.75,53.755,1,2
V2_EN_VI_209,en,vi,support,short,The application will reconnect automatically after 2 seconds.,Ứng dụng sẽ tự động kết nối lại sau 2 giây.,2,deterministic_template_v2,Ứng dụng sẽ tự động kết nối lại sau 2 giây.,516.945,1.0,100.0,1,1
V2_EN_VI_210,en,vi,translation,short,Keep the name An and reference code WS-410 unchanged.,Giữ nguyên tên An và mã tham chiếu WS-410.,An | WS-410,deterministic_template_v2,Giữ tên An và mã tham chiếu WS-410 không thay đổi.,428.721,0.8182,70.989,2,2
V2_EN_VI_211,en,vi,operations,short,Package QA-204 will arrive in Đà Nẵng on thứ Tư.,Kiện hàng QA-204 sẽ đến Đà Nẵng vào thứ Tư.,QA-204 | Đà Nẵng | thứ Tư,deterministic_template_v2,Gói QA-204 sẽ đến Đà Nẵng vào thứ tư.,624.603,0.8571,84.8,3,3
V2_EN_VI_212,en,vi,business,short,The technical meeting starts at 15:00 in room D410.,Cuộc họp kỹ thuật bắt đầu lúc 15:00 tại phòng D410.,15:00 | D410,deterministic_template_v2,Cuộc họp kỹ thuật bắt đầu lúc 15:00 tại phòng D410.,406.932,1.0,100.0,2,2
V2_EN_VI_213,en,vi,technology,short,Please restart the server after installing the update.,Vui lòng khởi động lại máy chủ sau khi cài đặt bản cập nhật.,,deterministic_template_v2,Vui lòng khởi động lại máy chủ sau khi cài đặt bản cập nhật.,548.012,1.0,100.0,0,0
V2_EN_VI_214,en,vi,security,short,User Minh must change the password within 17 days.,Người dùng Minh phải đổi mật khẩu trong vòng 17 ngày.,Minh | 17,deterministic_template_v2,Người dùng Minh phải thay đổi mật khẩu trong vòng 17 ngày.,398.942,0.9565,92.041,2,2
V2_EN_VI_215,en,vi,travel,medium,The train to Hải Phòng leaves at 09:15 on thứ Ba.,Tàu đi Hải Phòng khởi hành lúc 09:15 vào thứ Ba.,Hải Phòng | 09:15,deterministic_template_v2,Tàu đến Hải Phòng khởi hành lúc 09:15 ngày thứ Ba.,516.781,0.8333,78.535,2,2
V2_EN_VI_216,en,vi,healthcare,short,Take 25 tablets with water after breakfast.,Uống 25 viên thuốc với nước sau bữa sáng.,25,deterministic_template_v2,Uống 25 viên với nước sau bữa sáng.,377.06,0.9412,86.624,1,1
V2_EN_VI_217,en,vi,education,short,The final exam is scheduled for 13:45 on thứ Sáu.,Kỳ thi cuối kỳ được tổ chức lúc 13:45 vào thứ Sáu.,13:45 | thứ Sáu,deterministic_template_v2,Bài thi cuối cùng được lên lịch vào lúc 13:45 thứ Sáu.,534.517,0.6923,58.676,2,2
V2_EN_VI_218,en,vi,finance,short,Invoice 42 has an outstanding balance of 350.75 dollars.,Hóa đơn 42 còn số dư chưa thanh toán là 350.75 đô la.,42 | 350.75,deterministic_template_v2,"Hóa đơn 42 có số dư 350,75 đô la.",387.207,0.75,53.755,1,2
V2_EN_VI_219,en,vi,support,short,The application will reconnect automatically after 56 seconds.,Ứng dụng sẽ tự động kết nối lại sau 56 giây.,56,deterministic_template_v2,Ứng dụng sẽ tự động kết nối lại sau 56 giây.,539.586,1.0,100.0,1,1
V2_EN_VI_220,en,vi,translation,short,Keep the name An and reference code WS-410 unchanged.,Giữ nguyên tên An và mã tham chiếu WS-410.,An | WS-410,deterministic_template_v2,Giữ tên An và mã tham chiếu WS-410 không thay đổi.,539.586,0.8182,70.989,2,2
V2_EN_VI_221,en,vi,operations,short,Package QA-204 will arrive in Đà Nẵng on thứ Năm.,Kiện hàng QA-204 sẽ đến Đà Nẵng vào thứ Năm.,QA-204 | Đà Nẵng | thứ Năm,deterministic_template_v2,Gói QA-204 sẽ đến Đà Nẵng vào thứ năm.,849.543,0.8571,85.198,3,3
V2_EN_VI_222,en,vi,business,short,The technical meeting starts at 10:30 in room D410.,Cuộc họp kỹ thuật bắt đầu lúc 10:30 tại phòng D410.,10:30 | D410,deterministic_template_v2,Cuộc họp kỹ thuật bắt đầu lúc 10:30 ở phòng D410.,618.624,0.9167,90.384,2,2
V2_EN_VI_223,en,vi,technology,short,Please restart the server after installing the update.,Vui lòng khởi động lại máy chủ sau khi cài đặt bản cập nhật.,,deterministic_template_v2,Vui lòng khởi động lại máy chủ sau khi cài đặt bản cập nhật.,445.66,1.0,100.0,0,0
V2_EN_VI_224,en,vi,security,short,User Minh must change the password within 5 days.,Người dùng Minh phải đổi mật khẩu trong vòng 5 ngày.,Minh | 5,deterministic_template_v2,Người dùng Minh phải thay đổi mật khẩu trong vòng 5 ngày.,556.107,0.9565,91.886,2,2
V2_EN_VI_225,en,vi,travel,medium,The train to Hải Phòng leaves at 17:20 on thứ Tư.,Tàu đi Hải Phòng khởi hành lúc 17:20 vào thứ Tư.,Hải Phòng | 17:20,deterministic_template_v2,Tàu đến Hải Phòng khởi hành lúc 17:20 thứ Tư.,371.668,0.8696,82.268,2,2
V2_EN_VI_226,en,vi,healthcare,short,Take 12 tablets with water after breakfast.,Uống 12 viên thuốc với nước sau bữa sáng.,12,deterministic_template_v2,Uống 12 viên với nước sau bữa sáng.,390.278,0.9412,86.624,1,1
V2_EN_VI_227,en,vi,education,medium,The final exam is scheduled for 09:15 on ngày 15 tháng 9.,Kỳ thi cuối kỳ được tổ chức lúc 09:15 vào ngày 15 tháng 9.,09:15 | ngày 15 tháng 9,deterministic_template_v2,Bài thi cuối cùng được lên lịch vào lúc 09:15 ngày 15 tháng 9.,509.555,0.7333,64.5,2,2
V2_EN_VI_228,en,vi,finance,short,Invoice 21 has an outstanding balance of 350.75 dollars.,Hóa đơn 21 còn số dư chưa thanh toán là 350.75 đô la.,21 | 350.75,deterministic_template_v2,"Hóa đơn 21 có số dư 350,75 đô la.",441.222,0.75,53.755,1,2
V2_EN_VI_229,en,vi,support,short,The application will reconnect automatically after 25 seconds.,Ứng dụng sẽ tự động kết nối lại sau 25 giây.,25,deterministic_template_v2,Ứng dụng sẽ tự động kết nối lại sau 25 giây.,660.497,1.0,100.0,1,1
V2_EN_VI_230,en,vi,translation,short,Keep the name An and reference code WS-410 unchanged.,Giữ nguyên tên An và mã tham chiếu WS-410.,An | WS-410,deterministic_template_v2,Giữ tên An và mã tham chiếu WS-410 không thay đổi.,377.927,0.8182,70.989,2,2
V2_EN_VI_231,en,vi,operations,short,Package QA-204 will arrive in Đà Nẵng on thứ Sáu.,Kiện hàng QA-204 sẽ đến Đà Nẵng vào thứ Sáu.,QA-204 | Đà Nẵng | thứ Sáu,deterministic_template_v2,Gói QA-204 sẽ đến Đà Nẵng vào thứ Sáu.,472.198,0.8571,85.198,3,3
V2_EN_VI_232,en,vi,business,short,The technical meeting starts at 08:00 in room D410.,Cuộc họp kỹ thuật bắt đầu lúc 08:00 tại phòng D410.,08:00 | D410,deterministic_template_v2,Cuộc họp kỹ thuật bắt đầu lúc 8 giờ trong phòng D410.,361.286,0.75,76.207,1,2
V2_EN_VI_233,en,vi,technology,short,Please restart the server after installing the update.,Vui lòng khởi động lại máy chủ sau khi cài đặt bản cập nhật.,,deterministic_template_v2,Vui lòng khởi động lại máy chủ sau khi cài đặt bản cập nhật.,395.202,1.0,100.0,0,0
V2_EN_VI_234,en,vi,security,short,User Minh must change the password within 75 days.,Người dùng Minh phải đổi mật khẩu trong vòng 75 ngày.,Minh | 75,deterministic_template_v2,Người dùng Minh phải thay đổi mật khẩu trong vòng 75 ngày.,334.63,0.9565,92.041,2,2
V2_EN_VI_235,en,vi,travel,medium,The train to Hải Phòng leaves at 13:45 on thứ Năm.,Tàu đi Hải Phòng khởi hành lúc 13:45 vào thứ Năm.,Hải Phòng | 13:45,deterministic_template_v2,Tàu đến Hải Phòng sẽ khởi hành lúc 13:45 vào thứ Năm.,393.475,0.88,84.974,2,2
V2_EN_VI_236,en,vi,healthcare,short,Take 3 tablets with water after breakfast.,Uống 3 viên thuốc với nước sau bữa sáng.,3,deterministic_template_v2,Uống 3 viên với nước sau bữa sáng.,263.116,0.9412,86.228,1,1
V2_EN_VI_237,en,vi,education,medium,The final exam is scheduled for 17:20 on ngày 24 tháng 9.,Kỳ thi cuối kỳ được tổ chức lúc 17:20 vào ngày 24 tháng 9.,17:20 | ngày 24 tháng 9,deterministic_template_v2,Bài thi cuối cùng được lên lịch vào 17:20 ngày 24 tháng 9.,467.869,0.6897,60.177,2,2
V2_EN_VI_238,en,vi,finance,short,Invoice 8 has an outstanding balance of 350.75 dollars.,Hóa đơn 8 còn số dư chưa thanh toán là 350.75 đô la.,8 | 350.75,deterministic_template_v2,"Hóa đơn 8 có số dư 350,75 đô la.",349.339,0.75,52.568,1,2
V2_EN_VI_239,en,vi,support,short,The application will reconnect automatically after 12 seconds.,Ứng dụng sẽ tự động kết nối lại sau 12 giây.,12,deterministic_template_v2,Ứng dụng sẽ tự động kết nối lại sau 12 giây.,630.162,1.0,100.0,1,1
V2_EN_VI_240,en,vi,translation,short,Keep the name An and reference code WS-410 unchanged.,Giữ nguyên tên An và mã tham chiếu WS-410.,An | WS-410,deterministic_template_v2,Giữ tên An và mã tham chiếu WS-410 không thay đổi.,490.703,0.8182,70.989,2,2
V2_EN_VI_241,en,vi,operations,medium,Package QA-204 will arrive in Đà Nẵng on ngày 15 tháng 9.,Kiện hàng QA-204 sẽ đến Đà Nẵng vào ngày 15 tháng 9.,QA-204 | Đà Nẵng | ngày 15 tháng 9,deterministic_template_v2,Gói QA-204 sẽ đến Đà Nẵng vào ngày 15 tháng 9.,470.381,0.88,87.76,3,3
V2_EN_VI_242,en,vi,business,short,The technical meeting starts at 15:00 in room D410.,Cuộc họp kỹ thuật bắt đầu lúc 15:00 tại phòng D410.,15:00 | D410,deterministic_template_v2,Cuộc họp kỹ thuật bắt đầu lúc 15:00 tại phòng D410.,371.543,1.0,100.0,2,2
V2_EN_VI_243,en,vi,technology,short,Please restart the server after installing the update.,Vui lòng khởi động lại máy chủ sau khi cài đặt bản cập nhật.,,deterministic_template_v2,Vui lòng khởi động lại máy chủ sau khi cài đặt bản cập nhật.,385.32,1.0,100.0,0,0
V2_EN_VI_244,en,vi,security,short,User Minh must change the password within 42 days.,Người dùng Minh phải đổi mật khẩu trong vòng 42 ngày.,Minh | 42,deterministic_template_v2,Người dùng Minh phải thay đổi mật khẩu trong vòng 42 ngày.,384.089,0.9565,92.041,2,2
V2_EN_VI_245,en,vi,travel,medium,The train to Hải Phòng leaves at 09:15 on thứ Sáu.,Tàu đi Hải Phòng khởi hành lúc 09:15 vào thứ Sáu.,Hải Phòng | 09:15,deterministic_template_v2,Tàu đến Hải Phòng khởi hành lúc 09:15 trên thứ Sáu.,654.665,0.8333,78.661,2,2
V2_EN_VI_246,en,vi,healthcare,short,Take 64 tablets with water after breakfast.,Uống 64 viên thuốc với nước sau bữa sáng.,64,deterministic_template_v2,Uống 64 viên với nước sau bữa sáng.,274.263,0.9412,86.624,1,1
V2_EN_VI_247,en,vi,education,short,The final exam is scheduled for 13:45 on thứ Hai.,Kỳ thi cuối kỳ được tổ chức lúc 13:45 vào thứ Hai.,13:45 | thứ Hai,deterministic_template_v2,Bài thi cuối cùng được lên lịch vào lúc 13:45 thứ Hai.,560.661,0.6923,58.676,2,2
V2_EN_VI_248,en,vi,finance,short,Invoice 2 has an outstanding balance of 350.75 dollars.,Hóa đơn 2 còn số dư chưa thanh toán là 350.75 đô la.,2 | 350.75,deterministic_template_v2,"Hóa đơn 2 có số dư 350,75 đô la.",560.907,0.75,52.568,1,2
V2_EN_VI_249,en,vi,support,short,The application will reconnect automatically after 3 seconds.,Ứng dụng sẽ tự động kết nối lại sau 3 giây.,3,deterministic_template_v2,Ứng dụng sẽ tự động kết nối lại sau 3 giây.,580.091,1.0,100.0,1,1
V2_EN_VI_250,en,vi,translation,short,Keep the name An and reference code WS-410 unchanged.,Giữ nguyên tên An và mã tham chiếu WS-410.,An | WS-410,deterministic_template_v2,Giữ tên An và mã tham chiếu WS-410 không thay đổi.,403.172,0.8182,70.989,2,2
